transaction_id,user_id,amount,timestamp,merchant_category,merchant_name,location,label
txn_0,user_0,430.42,2025-09-19T21:56:30.779400,grocery,Merchant_0,Los Angeles,legitimate
txn_1,user_1,292.26,2025-09-13T07:56:30.779400,restaurant,Merchant_1,Chicago,legitimate
txn_2,user_2,306.46,2025-08-27T11:56:30.779400,grocery,Merchant_2,New York,legitimate
txn_3,user_3,4019.31,2025-08-30T07:56:30.779400,atm,Merchant_3,,fraud
txn_4,user_4,132.75,2025-09-06T17:56:30.779400,grocery,Merchant_4,,legitimate
txn_5,user_5,490.71,2025-09-04T23:56:30.779400,grocery,Merchant_5,New York,legitimate
txn_6,user_6,1536.68,2025-08-22T16:56:30.779400,gas_station,Merchant_6,Los Angeles,fraud
txn_7,user_7,417.27,2025-09-13T13:56:30.779400,retail,Merchant_7,New York,legitimate
txn_8,user_8,489.02,2025-08-25T02:56:30.779400,restaurant,Merchant_8,New York,legitimate
txn_9,user_9,370.47,2025-09-02T22:56:30.779400,grocery,Merchant_9,Chicago,legitimate
txn_10,user_10,366.51,2025-08-29T12:56:30.779400,retail,Merchant_10,Chicago,legitimate
txn_11,user_11,4121.22,2025-09-11T02:56:30.779400,gas_station,Merchant_11,New York,fraud
txn_12,user_12,136.22,2025-09-14T11:56:30.779400,retail,Merchant_12,,legitimate
txn_13,user_13,461.0,2025-09-21T19:56:30.779400,retail,Merchant_13,New York,legitimate
txn_14,user_14,205.58,2025-09-06T17:56:30.779400,retail,Merchant_14,,legitimate
txn_15,user_15,14.4,2025-09-05T12:56:30.779400,grocery,Merchant_15,Chicago,legitimate
txn_16,user_16,298.0,2025-08-27T12:56:30.779400,retail,Merchant_16,Los Angeles,legitimate
txn_17,user_17,372.65,2025-09-16T23:56:30.779400,restaurant,Merchant_17,New York,legitimate
txn_18,user_18,375.19,2025-09-21T23:56:30.779400,grocery,Merchant_18,,legitimate
txn_19,user_19,21.68,2025-09-14T06:56:30.779400,retail,Merchant_19,New York,legitimate
txn_20,user_20,328.45,2025-09-17T19:56:30.779400,retail,Merchant_20,,legitimate
txn_21,user_21,1130.35,2025-08-24T21:56:30.779400,atm,Merchant_21,Los Angeles,fraud
txn_22,user_22,317.55,2025-08-31T18:56:30.779400,retail,Merchant_22,Los Angeles,legitimate
txn_23,user_23,470.63,2025-08-23T16:56:30.779400,grocery,Merchant_23,New York,legitimate
txn_24,user_24,129.5,2025-09-10T20:56:30.779400,restaurant,Merchant_24,Los Angeles,legitimate
txn_25,user_25,445.02,2025-09-09T10:56:30.779400,grocery,Merchant_25,New York,legitimate
txn_26,user_26,442.73,2025-09-10T02:56:30.779400,retail,Merchant_26,,legitimate
txn_27,user_27,284.91,2025-09-19T12:56:30.779400,grocery,Merchant_27,,legitimate
txn_28,user_28,68.9,2025-09-07T20:56:30.779400,grocery,Merchant_28,Chicago,legitimate
txn_29,user_29,204.57,2025-09-21T00:56:30.779400,grocery,Merchant_29,Chicago,legitimate
txn_30,user_30,90.05,2025-08-22T13:56:30.779400,retail,Merchant_30,,legitimate
txn_31,user_31,381.76,2025-09-13T01:56:30.779400,restaurant,Merchant_31,New York,legitimate
txn_32,user_32,357.77,2025-09-10T19:56:30.779400,retail,Merchant_32,New York,legitimate
txn_33,user_33,35.82,2025-08-28T09:56:30.779400,restaurant,Merchant_33,New York,legitimate
txn_34,user_34,155.18,2025-08-22T04:56:30.779400,grocery,Merchant_34,,legitimate
txn_35,user_35,288.02,2025-08-30T09:56:30.779400,restaurant,Merchant_35,,legitimate
txn_36,user_36,93.2,2025-09-12T18:56:30.779400,restaurant,Merchant_36,,legitimate
txn_37,user_37,130.5,2025-09-09T10:56:30.779400,retail,Merchant_37,Chicago,legitimate
txn_38,user_38,453.7,2025-09-18T09:56:30.779400,grocery,Merchant_38,New York,legitimate
txn_39,user_39,155.91,2025-09-09T07:56:30.779400,restaurant,Merchant_39,New York,legitimate
txn_40,user_40,1075.66,2025-09-08T04:56:30.779400,online,Merchant_40,New York,fraud
txn_41,user_41,357.71,2025-08-26T11:56:30.779400,grocery,Merchant_41,,legitimate
txn_42,user_42,1405.74,2025-08-30T02:56:30.779400,atm,Merchant_42,New York,fraud
txn_43,user_43,252.07,2025-08-22T12:56:30.779400,retail,Merchant_43,Chicago,legitimate
txn_44,user_44,125.15,2025-09-19T23:56:30.779400,grocery,Merchant_44,New York,legitimate
txn_45,user_45,419.1,2025-09-15T12:56:30.779400,restaurant,Merchant_45,Los Angeles,legitimate
txn_46,user_46,2458.55,2025-08-27T07:56:30.779400,gas_station,Merchant_46,New York,fraud
txn_47,user_47,120.56,2025-08-22T18:56:30.779400,retail,Merchant_47,,legitimate
txn_48,user_48,35.52,2025-08-26T19:56:30.779400,grocery,Merchant_48,New York,legitimate
txn_49,user_49,226.01,2025-09-09T20:56:30.779400,restaurant,Merchant_49,Los Angeles,legitimate
txn_50,user_50,156.32,2025-09-19T11:56:30.779400,grocery,Merchant_0,New York,legitimate
txn_51,user_51,3508.76,2025-09-14T20:56:30.779400,gas_station,Merchant_1,,fraud
txn_52,user_52,130.34,2025-08-28T18:56:30.779400,restaurant,Merchant_2,Los Angeles,legitimate
txn_53,user_53,184.46,2025-09-21T08:56:30.779400,grocery,Merchant_3,Los Angeles,legitimate
txn_54,user_54,120.6,2025-09-02T00:56:30.779400,grocery,Merchant_4,Chicago,legitimate
txn_55,user_55,84.91,2025-09-12T09:56:30.779400,grocery,Merchant_5,New York,legitimate
txn_56,user_56,336.33,2025-09-13T11:56:30.779400,retail,Merchant_6,Los Angeles,legitimate
txn_57,user_57,70.71,2025-09-08T12:56:30.779400,retail,Merchant_7,Los Angeles,legitimate
txn_58,user_58,14.16,2025-08-23T01:56:30.779400,retail,Merchant_8,,legitimate
txn_59,user_59,440.61,2025-09-20T06:56:30.779400,grocery,Merchant_9,,legitimate
txn_60,user_60,66.14,2025-08-23T05:56:30.779400,grocery,Merchant_10,Chicago,legitimate
txn_61,user_61,343.99,2025-08-29T19:56:30.779400,restaurant,Merchant_11,Los Angeles,legitimate
txn_62,user_62,395.37,2025-09-13T05:56:30.779400,restaurant,Merchant_12,Chicago,legitimate
txn_63,user_63,452.28,2025-08-26T13:56:30.779400,restaurant,Merchant_13,,legitimate
txn_64,user_64,296.75,2025-08-23T11:56:30.779400,grocery,Merchant_14,,legitimate
txn_65,user_65,451.22,2025-09-17T09:56:30.779400,restaurant,Merchant_15,Los Angeles,legitimate
txn_66,user_66,24.46,2025-08-23T12:56:30.779400,restaurant,Merchant_16,Chicago,legitimate
txn_67,user_67,202.13,2025-09-08T10:56:30.779400,grocery,Merchant_17,New York,legitimate
txn_68,user_68,262.97,2025-09-18T18:56:30.779400,retail,Merchant_18,New York,legitimate
txn_69,user_69,404.29,2025-08-23T06:56:30.779400,restaurant,Merchant_19,,legitimate
txn_70,user_70,198.33,2025-09-11T07:56:30.779400,grocery,Merchant_20,,legitimate
txn_71,user_71,309.04,2025-09-17T20:56:30.779400,grocery,Merchant_21,Los Angeles,legitimate
txn_72,user_72,468.01,2025-08-23T07:56:30.779400,restaurant,Merchant_22,New York,legitimate
txn_73,user_73,104.91,2025-09-18T18:56:30.779400,grocery,Merchant_23,Los Angeles,legitimate
txn_74,user_74,185.9,2025-08-22T15:56:30.779400,grocery,Merchant_24,New York,legitimate
txn_75,user_75,41.46,2025-08-28T09:56:30.779400,grocery,Merchant_25,,legitimate
txn_76,user_76,160.32,2025-08-27T10:56:30.779400,retail,Merchant_26,Los Angeles,legitimate
txn_77,user_77,80.22,2025-09-11T17:56:30.779400,grocery,Merchant_27,Chicago,legitimate
txn_78,user_78,45.43,2025-08-23T16:56:30.779400,retail,Merchant_28,New York,legitimate
txn_79,user_79,71.56,2025-09-10T19:56:30.779400,grocery,Merchant_29,,legitimate
txn_80,user_80,171.55,2025-08-25T16:56:30.779400,grocery,Merchant_30,Chicago,legitimate
txn_81,user_81,237.47,2025-08-31T01:56:30.779400,retail,Merchant_31,Los Angeles,legitimate
txn_82,user_82,3302.82,2025-09-04T04:56:30.779400,atm,Merchant_32,New York,fraud
txn_83,user_83,149.88,2025-09-12T07:56:30.779400,restaurant,Merchant_33,Chicago,legitimate
txn_84,user_84,98.87,2025-09-01T09:56:30.779400,retail,Merchant_34,Chicago,legitimate
txn_85,user_85,2169.64,2025-09-01T00:56:30.779400,atm,Merchant_35,,fraud
txn_86,user_86,469.86,2025-08-25T20:56:30.779400,grocery,Merchant_36,New York,legitimate
txn_87,user_87,361.16,2025-09-14T05:56:30.779400,grocery,Merchant_37,Chicago,legitimate
txn_88,user_88,172.58,2025-09-09T22:56:30.779400,restaurant,Merchant_38,Chicago,legitimate
txn_89,user_89,175.95,2025-09-18T19:56:30.779400,grocery,Merchant_39,Los Angeles,legitimate
txn_90,user_90,171.53,2025-08-26T14:56:30.779400,restaurant,Merchant_40,,legitimate
txn_91,user_91,4090.24,2025-08-25T17:56:30.780431,atm,Merchant_41,,fraud
txn_92,user_92,172.82,2025-08-26T14:56:30.780431,restaurant,Merchant_42,,legitimate
txn_93,user_93,302.48,2025-09-11T15:56:30.780431,restaurant,Merchant_43,Chicago,legitimate
txn_94,user_94,396.68,2025-08-30T15:56:30.780431,restaurant,Merchant_44,Los Angeles,legitimate
txn_95,user_95,169.73,2025-08-28T23:56:30.780431,retail,Merchant_45,Los Angeles,legitimate
txn_96,user_96,257.97,2025-09-08T11:56:30.780431,retail,Merchant_46,Chicago,legitimate
txn_97,user_97,467.65,2025-09-19T11:56:30.780431,grocery,Merchant_47,,legitimate
txn_98,user_98,478.79,2025-09-19T08:56:30.780431,grocery,Merchant_48,,legitimate
txn_99,user_99,434.15,2025-09-01T21:56:30.780431,grocery,Merchant_49,Los Angeles,legitimate
txn_100,user_0,105.55,2025-09-15T15:56:30.780431,grocery,Merchant_0,Los Angeles,legitimate
txn_101,user_1,217.62,2025-08-22T06:56:30.780431,retail,Merchant_1,,legitimate
txn_102,user_2,1182.29,2025-09-08T07:56:30.780431,online,Merchant_2,Chicago,fraud
txn_103,user_3,41.21,2025-08-26T17:56:30.780431,retail,Merchant_3,,legitimate
txn_104,user_4,308.87,2025-09-12T19:56:30.780431,retail,Merchant_4,,legitimate
txn_105,user_5,317.12,2025-08-25T14:56:30.780431,grocery,Merchant_5,Los Angeles,legitimate
txn_106,user_6,183.96,2025-09-07T22:56:30.780431,retail,Merchant_6,Los Angeles,legitimate
txn_107,user_7,172.33,2025-09-01T15:56:30.780431,retail,Merchant_7,,legitimate
txn_108,user_8,407.86,2025-09-05T07:56:30.780431,grocery,Merchant_8,Los Angeles,legitimate
txn_109,user_9,89.78,2025-08-23T16:56:30.780431,retail,Merchant_9,,legitimate
txn_110,user_10,120.9,2025-09-18T22:56:30.780431,restaurant,Merchant_10,,legitimate
txn_111,user_11,2322.59,2025-09-16T22:56:30.780431,atm,Merchant_11,,fraud
txn_112,user_12,147.92,2025-08-24T10:56:30.780431,grocery,Merchant_12,New York,legitimate
txn_113,user_13,227.12,2025-09-05T14:56:30.780431,restaurant,Merchant_13,Los Angeles,legitimate
txn_114,user_14,492.67,2025-09-09T16:56:30.780431,retail,Merchant_14,Chicago,legitimate
txn_115,user_15,351.99,2025-08-26T18:56:30.780431,restaurant,Merchant_15,New York,legitimate
txn_116,user_16,488.14,2025-09-17T22:56:30.780431,restaurant,Merchant_16,Chicago,legitimate
txn_117,user_17,436.46,2025-08-31T07:56:30.780431,retail,Merchant_17,Chicago,legitimate
txn_118,user_18,149.55,2025-09-20T02:56:30.780431,restaurant,Merchant_18,Chicago,legitimate
txn_119,user_19,101.65,2025-09-07T06:56:30.780431,restaurant,Merchant_19,,legitimate
txn_120,user_20,127.19,2025-09-09T15:56:30.780431,grocery,Merchant_20,Chicago,legitimate
txn_121,user_21,55.85,2025-09-03T13:56:30.780431,retail,Merchant_21,Los Angeles,legitimate
txn_122,user_22,246.61,2025-08-30T15:56:30.780431,grocery,Merchant_22,Los Angeles,legitimate
txn_123,user_23,21.54,2025-09-05T21:56:30.780431,grocery,Merchant_23,Los Angeles,legitimate
txn_124,user_24,4510.04,2025-09-09T00:56:30.780431,atm,Merchant_24,Los Angeles,fraud
txn_125,user_25,1528.87,2025-09-18T06:56:30.780431,gas_station,Merchant_25,,fraud
txn_126,user_26,111.81,2025-08-24T07:56:30.780431,grocery,Merchant_26,Chicago,legitimate
txn_127,user_27,473.87,2025-09-08T09:56:30.780431,grocery,Merchant_27,Los Angeles,legitimate
txn_128,user_28,279.23,2025-08-23T10:56:30.780431,restaurant,Merchant_28,Los Angeles,legitimate
txn_129,user_29,195.83,2025-09-20T07:56:30.780431,restaurant,Merchant_29,Los Angeles,legitimate
txn_130,user_30,153.41,2025-09-04T11:56:30.780431,retail,Merchant_30,New York,legitimate
txn_131,user_31,394.47,2025-08-22T21:56:30.780431,grocery,Merchant_31,,legitimate
txn_132,user_32,98.5,2025-08-24T18:56:30.780431,grocery,Merchant_32,,legitimate
txn_133,user_33,231.94,2025-09-17T15:56:30.780431,restaurant,Merchant_33,,legitimate
txn_134,user_34,44.45,2025-09-09T14:56:30.780431,restaurant,Merchant_34,New York,legitimate
txn_135,user_35,453.02,2025-08-26T17:56:30.780431,retail,Merchant_35,Los Angeles,legitimate
txn_136,user_36,106.1,2025-09-03T22:56:30.780431,restaurant,Merchant_36,New York,legitimate
txn_137,user_37,77.59,2025-08-30T16:56:30.780431,retail,Merchant_37,,legitimate
txn_138,user_38,282.53,2025-09-01T13:56:30.780431,grocery,Merchant_38,,legitimate
txn_139,user_39,498.7,2025-08-29T10:56:30.780431,retail,Merchant_39,New York,legitimate
txn_140,user_40,1417.55,2025-09-17T11:56:30.780431,online,Merchant_40,,fraud
txn_141,user_41,403.1,2025-08-29T17:56:30.780431,retail,Merchant_41,New York,legitimate
txn_142,user_42,185.87,2025-08-31T20:56:30.780431,grocery,Merchant_42,New York,legitimate
txn_143,user_43,295.14,2025-09-17T15:56:30.780431,retail,Merchant_43,Chicago,legitimate
txn_144,user_44,425.94,2025-09-04T18:56:30.780431,retail,Merchant_44,New York,legitimate
txn_145,user_45,37.63,2025-09-06T23:56:30.780431,retail,Merchant_45,,legitimate
txn_146,user_46,305.63,2025-09-19T10:56:30.780431,grocery,Merchant_46,Chicago,legitimate
txn_147,user_47,262.82,2025-08-30T18:56:30.780431,grocery,Merchant_47,,legitimate
txn_148,user_48,402.0,2025-08-26T16:56:30.780431,restaurant,Merchant_48,,legitimate
txn_149,user_49,69.59,2025-09-09T10:56:30.780431,restaurant,Merchant_49,Los Angeles,legitimate
txn_150,user_50,16.15,2025-09-18T07:56:30.780431,retail,Merchant_0,New York,legitimate
txn_151,user_51,44.52,2025-09-01T21:56:30.780431,restaurant,Merchant_1,Chicago,legitimate
txn_152,user_52,65.08,2025-09-19T03:56:30.780431,retail,Merchant_2,Los Angeles,legitimate
txn_153,user_53,479.78,2025-09-14T08:56:30.780431,grocery,Merchant_3,Chicago,legitimate
txn_154,user_54,23.78,2025-09-20T21:56:30.780431,grocery,Merchant_4,New York,legitimate
txn_155,user_55,326.76,2025-08-27T20:56:30.780431,restaurant,Merchant_5,,legitimate
txn_156,user_56,343.81,2025-09-17T15:56:30.780431,grocery,Merchant_6,,legitimate
txn_157,user_57,311.05,2025-09-01T08:56:30.780431,retail,Merchant_7,,legitimate
txn_158,user_58,484.67,2025-09-18T04:56:30.780431,retail,Merchant_8,New York,legitimate
txn_159,user_59,342.63,2025-08-22T13:56:30.780431,retail,Merchant_9,New York,legitimate
txn_160,user_60,1024.52,2025-09-18T19:56:30.780431,gas_station,Merchant_10,Los Angeles,fraud
txn_161,user_61,451.26,2025-09-20T13:56:30.780431,restaurant,Merchant_11,Chicago,legitimate
txn_162,user_62,30.87,2025-08-27T03:56:30.780431,restaurant,Merchant_12,New York,legitimate
txn_163,user_63,2719.18,2025-09-15T00:56:30.780431,gas_station,Merchant_13,Chicago,fraud
txn_164,user_64,121.04,2025-09-03T07:56:30.780431,retail,Merchant_14,Los Angeles,legitimate
txn_165,user_65,280.85,2025-08-22T16:56:30.780431,restaurant,Merchant_15,New York,legitimate
txn_166,user_66,319.58,2025-08-27T08:56:30.780431,retail,Merchant_16,Chicago,legitimate
txn_167,user_67,35.66,2025-09-08T10:56:30.780431,grocery,Merchant_17,Chicago,legitimate
txn_168,user_68,177.19,2025-08-30T09:56:30.780431,grocery,Merchant_18,,legitimate
txn_169,user_69,17.19,2025-08-31T19:56:30.780431,restaurant,Merchant_19,Los Angeles,legitimate
txn_170,user_70,15.69,2025-09-08T15:56:30.780431,retail,Merchant_20,New York,legitimate
txn_171,user_71,68.85,2025-09-11T22:56:30.780431,retail,Merchant_21,Chicago,legitimate
txn_172,user_72,456.98,2025-09-06T11:56:30.780431,grocery,Merchant_22,Los Angeles,legitimate
txn_173,user_73,172.42,2025-09-13T09:56:30.780431,retail,Merchant_23,,legitimate
txn_174,user_74,428.65,2025-09-13T14:56:30.780431,grocery,Merchant_24,New York,legitimate
txn_175,user_75,246.25,2025-09-02T17:56:30.780431,restaurant,Merchant_25,New York,legitimate
txn_176,user_76,372.84,2025-09-01T20:56:30.780431,restaurant,Merchant_26,Los Angeles,legitimate
txn_177,user_77,327.55,2025-09-17T01:56:30.780431,grocery,Merchant_27,New York,legitimate
txn_178,user_78,107.61,2025-09-20T12:56:30.780431,grocery,Merchant_28,,legitimate
txn_179,user_79,347.68,2025-08-29T09:56:30.780431,grocery,Merchant_29,Los Angeles,legitimate
txn_180,user_80,252.46,2025-08-30T13:56:30.780431,grocery,Merchant_30,New York,legitimate
txn_181,user_81,38.48,2025-08-24T19:56:30.780431,retail,Merchant_31,Chicago,legitimate
txn_182,user_82,87.09,2025-09-04T15:56:30.780431,grocery,Merchant_32,,legitimate
txn_183,user_83,239.82,2025-09-07T03:56:30.780431,grocery,Merchant_33,Chicago,legitimate
txn_184,user_84,446.21,2025-09-04T08:56:30.780431,restaurant,Merchant_34,,legitimate
txn_185,user_85,67.08,2025-09-15T14:56:30.780431,grocery,Merchant_35,,legitimate
txn_186,user_86,203.95,2025-09-06T12:56:30.780431,restaurant,Merchant_36,,legitimate
txn_187,user_87,262.18,2025-09-19T01:56:30.780431,retail,Merchant_37,,legitimate
txn_188,user_88,1922.03,2025-08-27T04:56:30.780431,atm,Merchant_38,New York,fraud
txn_189,user_89,155.39,2025-09-16T09:56:30.780431,grocery,Merchant_39,Los Angeles,legitimate
txn_190,user_90,247.13,2025-08-30T16:56:30.780431,retail,Merchant_40,Chicago,legitimate
txn_191,user_91,165.02,2025-08-25T22:56:30.780431,retail,Merchant_41,,legitimate
txn_192,user_92,455.93,2025-09-12T14:56:30.780431,grocery,Merchant_42,Chicago,legitimate
txn_193,user_93,453.79,2025-08-25T10:56:30.780431,restaurant,Merchant_43,Los Angeles,legitimate
txn_194,user_94,332.06,2025-09-04T02:56:30.780431,grocery,Merchant_44,New York,legitimate
txn_195,user_95,112.42,2025-09-15T13:56:30.780431,retail,Merchant_45,New York,legitimate
txn_196,user_96,100.75,2025-09-07T20:56:30.780431,grocery,Merchant_46,New York,legitimate
txn_197,user_97,456.82,2025-09-15T16:56:30.780431,retail,Merchant_47,Los Angeles,legitimate
txn_198,user_98,421.19,2025-09-12T08:56:30.780431,grocery,Merchant_48,Los Angeles,legitimate
txn_199,user_99,260.84,2025-09-10T19:56:30.780431,retail,Merchant_49,New York,legitimate
txn_200,user_0,158.76,2025-09-18T22:56:30.780431,restaurant,Merchant_0,Los Angeles,legitimate
txn_201,user_1,341.11,2025-08-24T22:56:30.780431,grocery,Merchant_1,New York,legitimate
txn_202,user_2,257.26,2025-09-01T09:56:30.780431,restaurant,Merchant_2,New York,legitimate
txn_203,user_3,53.55,2025-09-18T11:56:30.780431,retail,Merchant_3,,legitimate
txn_204,user_4,311.44,2025-08-31T08:56:30.780431,restaurant,Merchant_4,Los Angeles,legitimate
txn_205,user_5,408.12,2025-08-30T06:56:30.780431,restaurant,Merchant_5,Los Angeles,legitimate
txn_206,user_6,417.75,2025-08-29T18:56:30.780431,retail,Merchant_6,Chicago,legitimate
txn_207,user_7,285.97,2025-08-23T14:56:30.780431,grocery,Merchant_7,Chicago,legitimate
txn_208,user_8,464.16,2025-09-10T12:56:30.780431,retail,Merchant_8,Chicago,legitimate
txn_209,user_9,353.71,2025-09-12T03:56:30.780431,restaurant,Merchant_9,Los Angeles,legitimate
txn_210,user_10,358.49,2025-09-19T15:56:30.780431,restaurant,Merchant_10,,legitimate
txn_211,user_11,30.06,2025-08-26T10:56:30.780431,retail,Merchant_11,Chicago,legitimate
txn_212,user_12,346.98,2025-09-07T13:56:30.780431,retail,Merchant_12,,legitimate
txn_213,user_13,87.98,2025-08-28T09:56:30.780431,grocery,Merchant_13,Chicago,legitimate
txn_214,user_14,60.34,2025-09-20T02:56:30.780431,retail,Merchant_14,Chicago,legitimate
txn_215,user_15,117.66,2025-09-12T15:56:30.780431,retail,Merchant_15,Los Angeles,legitimate
txn_216,user_16,233.42,2025-09-09T11:56:30.780431,restaurant,Merchant_16,Chicago,legitimate
txn_217,user_17,43.53,2025-09-09T12:56:30.780431,retail,Merchant_17,Los Angeles,legitimate
txn_218,user_18,102.59,2025-08-25T20:56:30.780431,restaurant,Merchant_18,New York,legitimate
txn_219,user_19,326.42,2025-09-01T18:56:30.780431,retail,Merchant_19,Chicago,legitimate
txn_220,user_20,272.15,2025-09-19T02:56:30.780431,grocery,Merchant_20,Chicago,legitimate
txn_221,user_21,61.44,2025-08-28T16:56:30.780431,grocery,Merchant_21,Los Angeles,legitimate
txn_222,user_22,239.47,2025-08-24T10:56:30.780431,retail,Merchant_22,Chicago,legitimate
txn_223,user_23,33.43,2025-08-24T06:56:30.780431,restaurant,Merchant_23,Los Angeles,legitimate
txn_224,user_24,53.43,2025-08-26T12:56:30.780431,grocery,Merchant_24,Los Angeles,legitimate
txn_225,user_25,353.83,2025-09-02T10:56:30.780431,restaurant,Merchant_25,New York,legitimate
txn_226,user_26,340.97,2025-08-24T07:56:30.780431,restaurant,Merchant_26,New York,legitimate
txn_227,user_27,221.7,2025-09-11T11:56:30.780431,restaurant,Merchant_27,New York,legitimate
txn_228,user_28,482.25,2025-09-02T09:56:30.780431,restaurant,Merchant_28,Los Angeles,legitimate
txn_229,user_29,73.36,2025-09-02T13:56:30.780431,restaurant,Merchant_29,Chicago,legitimate
txn_230,user_30,141.99,2025-08-30T18:56:30.780431,retail,Merchant_30,New York,legitimate
txn_231,user_31,349.25,2025-09-09T14:56:30.780431,grocery,Merchant_31,,legitimate
txn_232,user_32,228.2,2025-09-09T17:56:30.780431,restaurant,Merchant_32,Chicago,legitimate
txn_233,user_33,4247.2,2025-09-17T12:56:30.780431,atm,Merchant_33,New York,fraud
txn_234,user_34,418.99,2025-09-19T08:56:30.780431,retail,Merchant_34,,legitimate
txn_235,user_35,453.13,2025-09-16T11:56:30.780431,restaurant,Merchant_35,Chicago,legitimate
txn_236,user_36,193.22,2025-09-06T14:56:30.780431,restaurant,Merchant_36,New York,legitimate
txn_237,user_37,23.68,2025-09-04T11:56:30.780431,grocery,Merchant_37,Los Angeles,legitimate
txn_238,user_38,335.05,2025-09-15T22:56:30.780431,restaurant,Merchant_38,Chicago,legitimate
txn_239,user_39,421.18,2025-09-01T07:56:30.780431,retail,Merchant_39,,legitimate
txn_240,user_40,53.18,2025-09-20T10:56:30.780431,restaurant,Merchant_40,,legitimate
txn_241,user_41,394.31,2025-09-19T12:56:30.780431,retail,Merchant_41,New York,legitimate
txn_242,user_42,164.92,2025-09-09T14:56:30.780431,retail,Merchant_42,New York,legitimate
txn_243,user_43,146.95,2025-08-24T14:56:30.780431,restaurant,Merchant_43,New York,legitimate
txn_244,user_44,193.24,2025-09-17T08:56:30.780431,grocery,Merchant_44,,legitimate
txn_245,user_45,121.01,2025-09-05T07:56:30.780431,restaurant,Merchant_45,,legitimate
txn_246,user_46,41.14,2025-08-22T22:56:30.780431,retail,Merchant_46,Los Angeles,legitimate
txn_247,user_47,3051.87,2025-09-20T00:56:30.781430,gas_station,Merchant_47,Los Angeles,fraud
txn_248,user_48,15.42,2025-09-14T10:56:30.781430,restaurant,Merchant_48,Chicago,legitimate
txn_249,user_49,447.19,2025-09-16T20:56:30.781430,restaurant,Merchant_49,New York,legitimate
txn_250,user_50,197.6,2025-09-20T15:56:30.781430,grocery,Merchant_0,New York,legitimate
txn_251,user_51,87.46,2025-09-17T04:56:30.781430,restaurant,Merchant_1,Los Angeles,legitimate
txn_252,user_52,2742.22,2025-08-28T13:56:30.781430,online,Merchant_2,,fraud
txn_253,user_53,18.52,2025-09-18T16:56:30.781430,grocery,Merchant_3,Chicago,legitimate
txn_254,user_54,332.86,2025-08-30T11:56:30.781430,grocery,Merchant_4,New York,legitimate
txn_255,user_55,430.54,2025-09-21T19:56:30.781430,grocery,Merchant_5,Los Angeles,legitimate
txn_256,user_56,161.8,2025-08-24T16:56:30.781430,retail,Merchant_6,New York,legitimate
txn_257,user_57,164.93,2025-09-01T07:56:30.781430,restaurant,Merchant_7,,legitimate
txn_258,user_58,407.85,2025-09-16T09:56:30.781430,grocery,Merchant_8,Los Angeles,legitimate
txn_259,user_59,4908.98,2025-09-01T07:56:30.781430,atm,Merchant_9,Chicago,fraud
txn_260,user_60,266.86,2025-09-02T12:56:30.781430,grocery,Merchant_10,Chicago,legitimate
txn_261,user_61,254.82,2025-09-06T07:56:30.781430,retail,Merchant_11,,legitimate
txn_262,user_62,102.3,2025-08-30T07:56:30.781430,restaurant,Merchant_12,New York,legitimate
txn_263,user_63,474.15,2025-09-20T17:56:30.781430,retail,Merchant_13,Los Angeles,legitimate
txn_264,user_64,339.91,2025-09-13T09:56:30.781430,retail,Merchant_14,Chicago,legitimate
txn_265,user_65,204.83,2025-09-01T17:56:30.781430,retail,Merchant_15,,legitimate
txn_266,user_66,57.01,2025-08-24T10:56:30.781430,grocery,Merchant_16,New York,legitimate
txn_267,user_67,66.12,2025-09-05T01:56:30.781430,grocery,Merchant_17,,legitimate
txn_268,user_68,319.18,2025-09-09T09:56:30.781430,retail,Merchant_18,Chicago,legitimate
txn_269,user_69,364.25,2025-09-05T11:56:30.781430,restaurant,Merchant_19,New York,legitimate
txn_270,user_70,446.85,2025-09-19T14:56:30.781430,grocery,Merchant_20,New York,legitimate
txn_271,user_71,336.8,2025-09-15T10:56:30.781430,restaurant,Merchant_21,Los Angeles,legitimate
txn_272,user_72,496.24,2025-08-23T06:56:30.781430,restaurant,Merchant_22,Chicago,legitimate
txn_273,user_73,165.59,2025-09-08T08:56:30.781430,grocery,Merchant_23,Chicago,legitimate
txn_274,user_74,350.09,2025-09-09T07:56:30.781430,retail,Merchant_24,,legitimate
txn_275,user_75,261.23,2025-09-07T00:56:30.781430,retail,Merchant_25,,legitimate
txn_276,user_76,370.15,2025-09-19T07:56:30.781430,restaurant,Merchant_26,,legitimate
txn_277,user_77,52.82,2025-09-10T11:56:30.781430,retail,Merchant_27,New York,legitimate
txn_278,user_78,119.46,2025-08-25T02:56:30.781430,grocery,Merchant_28,Los Angeles,legitimate
txn_279,user_79,284.29,2025-09-16T15:56:30.781430,restaurant,Merchant_29,Chicago,legitimate
txn_280,user_80,348.89,2025-09-21T09:56:30.781430,retail,Merchant_30,New York,legitimate
txn_281,user_81,170.99,2025-08-31T10:56:30.781430,grocery,Merchant_31,Los Angeles,legitimate
txn_282,user_82,167.63,2025-09-14T06:56:30.781430,retail,Merchant_32,,legitimate
txn_283,user_83,346.92,2025-08-24T07:56:30.781430,retail,Merchant_33,Chicago,legitimate
txn_284,user_84,220.14,2025-08-29T15:56:30.781430,restaurant,Merchant_34,Chicago,legitimate
txn_285,user_85,114.25,2025-08-22T12:56:30.781430,grocery,Merchant_35,,legitimate
txn_286,user_86,459.42,2025-08-27T05:56:30.781430,grocery,Merchant_36,Los Angeles,legitimate
txn_287,user_87,213.17,2025-09-04T19:56:30.781430,retail,Merchant_37,Chicago,legitimate
txn_288,user_88,3655.05,2025-08-26T21:56:30.781430,atm,Merchant_38,Chicago,fraud
txn_289,user_89,492.89,2025-09-21T10:56:30.781430,restaurant,Merchant_39,,legitimate
txn_290,user_90,3118.22,2025-09-02T12:56:30.781430,online,Merchant_40,New York,fraud
txn_291,user_91,55.61,2025-09-05T09:56:30.781430,retail,Merchant_41,,legitimate
txn_292,user_92,421.27,2025-09-10T06:56:30.781430,grocery,Merchant_42,New York,legitimate
txn_293,user_93,244.79,2025-09-13T12:56:30.781430,retail,Merchant_43,Chicago,legitimate
txn_294,user_94,462.62,2025-08-29T04:56:30.781430,restaurant,Merchant_44,,legitimate
txn_295,user_95,262.41,2025-09-07T04:56:30.781430,restaurant,Merchant_45,Los Angeles,legitimate
txn_296,user_96,223.95,2025-09-02T12:56:30.781430,retail,Merchant_46,Chicago,legitimate
txn_297,user_97,303.35,2025-09-07T13:56:30.781430,grocery,Merchant_47,Los Angeles,legitimate
txn_298,user_98,418.81,2025-08-25T07:56:30.781430,retail,Merchant_48,New York,legitimate
txn_299,user_99,53.98,2025-09-17T21:56:30.781430,restaurant,Merchant_49,,legitimate
txn_300,user_0,86.49,2025-09-15T13:56:30.781430,retail,Merchant_0,New York,legitimate
txn_301,user_1,60.31,2025-09-09T00:56:30.781430,restaurant,Merchant_1,Los Angeles,legitimate
txn_302,user_2,4061.83,2025-09-10T21:56:30.781430,gas_station,Merchant_2,Los Angeles,fraud
txn_303,user_3,143.54,2025-09-19T15:56:30.781430,retail,Merchant_3,Chicago,legitimate
txn_304,user_4,481.42,2025-09-16T09:56:30.781430,grocery,Merchant_4,,legitimate
txn_305,user_5,182.57,2025-09-03T06:56:30.781430,grocery,Merchant_5,,legitimate
txn_306,user_6,415.82,2025-08-26T14:56:30.781430,restaurant,Merchant_6,New York,legitimate
txn_307,user_7,435.68,2025-09-02T16:56:30.781430,restaurant,Merchant_7,New York,legitimate
txn_308,user_8,209.95,2025-09-04T06:56:30.781430,restaurant,Merchant_8,Chicago,legitimate
txn_309,user_9,90.79,2025-09-12T19:56:30.781430,grocery,Merchant_9,New York,legitimate
txn_310,user_10,496.77,2025-08-31T11:56:30.781430,restaurant,Merchant_10,Chicago,legitimate
txn_311,user_11,100.35,2025-09-21T22:56:30.781430,retail,Merchant_11,Los Angeles,legitimate
txn_312,user_12,101.97,2025-08-31T16:56:30.781430,grocery,Merchant_12,Los Angeles,legitimate
txn_313,user_13,232.59,2025-08-22T22:56:30.781430,retail,Merchant_13,Los Angeles,legitimate
txn_314,user_14,429.34,2025-09-21T22:56:30.781430,retail,Merchant_14,New York,legitimate
txn_315,user_15,82.98,2025-08-25T06:56:30.781430,retail,Merchant_15,Los Angeles,legitimate
txn_316,user_16,4444.66,2025-08-31T13:56:30.781430,gas_station,Merchant_16,New York,fraud
txn_317,user_17,375.04,2025-09-13T03:56:30.781430,retail,Merchant_17,Los Angeles,legitimate
txn_318,user_18,219.82,2025-09-01T12:56:30.781430,retail,Merchant_18,Los Angeles,legitimate
txn_319,user_19,186.47,2025-09-13T07:56:30.781430,grocery,Merchant_19,Chicago,legitimate
txn_320,user_20,403.26,2025-09-21T19:56:30.781430,restaurant,Merchant_20,,legitimate
txn_321,user_21,116.93,2025-09-06T11:56:30.781430,restaurant,Merchant_21,Chicago,legitimate
txn_322,user_22,465.91,2025-09-19T07:56:30.781430,grocery,Merchant_22,,legitimate
txn_323,user_23,357.67,2025-09-04T07:56:30.781430,restaurant,Merchant_23,Chicago,legitimate
txn_324,user_24,95.59,2025-09-04T18:56:30.781430,grocery,Merchant_24,New York,legitimate
txn_325,user_25,64.7,2025-09-21T11:56:30.781430,grocery,Merchant_25,New York,legitimate
txn_326,user_26,486.81,2025-09-03T16:56:30.781430,retail,Merchant_26,Los Angeles,legitimate
txn_327,user_27,318.21,2025-09-01T12:56:30.781430,restaurant,Merchant_27,Chicago,legitimate
txn_328,user_28,3623.23,2025-09-01T20:56:30.781430,gas_station,Merchant_28,,fraud
txn_329,user_29,260.01,2025-09-16T22:56:30.781430,grocery,Merchant_29,,legitimate
txn_330,user_30,220.69,2025-08-31T16:56:30.781430,restaurant,Merchant_30,Chicago,legitimate
txn_331,user_31,4112.48,2025-09-05T09:56:30.781430,atm,Merchant_31,Chicago,fraud
txn_332,user_32,91.6,2025-08-25T22:56:30.781430,restaurant,Merchant_32,Los Angeles,legitimate
txn_333,user_33,457.12,2025-09-16T22:56:30.781430,retail,Merchant_33,,legitimate
txn_334,user_34,486.33,2025-08-27T01:56:30.781430,restaurant,Merchant_34,New York,legitimate
txn_335,user_35,293.21,2025-09-02T20:56:30.781430,retail,Merchant_35,Los Angeles,legitimate
txn_336,user_36,350.8,2025-09-08T21:56:30.781430,grocery,Merchant_36,Chicago,legitimate
txn_337,user_37,481.23,2025-08-24T19:56:30.781430,retail,Merchant_37,New York,legitimate
txn_338,user_38,71.39,2025-09-08T20:56:30.781430,retail,Merchant_38,,legitimate
txn_339,user_39,264.57,2025-09-20T18:56:30.781430,restaurant,Merchant_39,,legitimate
txn_340,user_40,450.2,2025-08-31T20:56:30.781430,retail,Merchant_40,New York,legitimate
txn_341,user_41,97.9,2025-09-11T06:56:30.781430,grocery,Merchant_41,,legitimate
txn_342,user_42,279.36,2025-08-25T04:56:30.781430,retail,Merchant_42,New York,legitimate
txn_343,user_43,317.81,2025-08-25T23:56:30.781430,restaurant,Merchant_43,Los Angeles,legitimate
txn_344,user_44,377.29,2025-08-27T15:56:30.781430,retail,Merchant_44,Chicago,legitimate
txn_345,user_45,2482.23,2025-09-08T06:56:30.781430,gas_station,Merchant_45,Chicago,fraud
txn_346,user_46,213.31,2025-09-15T06:56:30.781430,restaurant,Merchant_46,Los Angeles,legitimate
txn_347,user_47,93.19,2025-09-21T15:56:30.781430,grocery,Merchant_47,Chicago,legitimate
txn_348,user_48,466.15,2025-09-19T09:56:30.781430,restaurant,Merchant_48,Los Angeles,legitimate
txn_349,user_49,474.16,2025-09-17T14:56:30.781430,grocery,Merchant_49,New York,legitimate
txn_350,user_50,117.21,2025-09-05T21:56:30.781430,grocery,Merchant_0,Chicago,legitimate
txn_351,user_51,472.76,2025-09-10T12:56:30.781430,restaurant,Merchant_1,New York,legitimate
txn_352,user_52,325.63,2025-08-29T20:56:30.781430,grocery,Merchant_2,New York,legitimate
txn_353,user_53,90.73,2025-09-16T06:56:30.781430,restaurant,Merchant_3,,legitimate
txn_354,user_54,18.56,2025-09-12T07:56:30.781430,retail,Merchant_4,Los Angeles,legitimate
txn_355,user_55,71.56,2025-08-29T17:56:30.781430,grocery,Merchant_5,New York,legitimate
txn_356,user_56,226.79,2025-09-04T11:56:30.781430,retail,Merchant_6,,legitimate
txn_357,user_57,2612.61,2025-08-22T10:56:30.781430,gas_station,Merchant_7,Los Angeles,fraud
txn_358,user_58,452.19,2025-08-25T11:56:30.781430,grocery,Merchant_8,Chicago,legitimate
txn_359,user_59,197.64,2025-09-19T04:56:30.781430,restaurant,Merchant_9,,legitimate
txn_360,user_60,292.73,2025-09-20T13:56:30.781430,grocery,Merchant_10,,legitimate
txn_361,user_61,209.99,2025-09-06T10:56:30.781430,grocery,Merchant_11,Los Angeles,legitimate
txn_362,user_62,165.63,2025-09-02T06:56:30.781430,retail,Merchant_12,Los Angeles,legitimate
txn_363,user_63,48.47,2025-08-25T06:56:30.781430,retail,Merchant_13,Chicago,legitimate
txn_364,user_64,58.65,2025-09-01T23:56:30.781430,retail,Merchant_14,Los Angeles,legitimate
txn_365,user_65,4040.36,2025-09-13T23:56:30.781430,online,Merchant_15,Chicago,fraud
txn_366,user_66,475.39,2025-09-03T23:56:30.781430,grocery,Merchant_16,Chicago,legitimate
txn_367,user_67,448.02,2025-08-25T13:56:30.781430,retail,Merchant_17,Los Angeles,legitimate
txn_368,user_68,4390.41,2025-09-04T08:56:30.781430,atm,Merchant_18,,fraud
txn_369,user_69,313.41,2025-09-15T15:56:30.781430,grocery,Merchant_19,Los Angeles,legitimate
txn_370,user_70,460.95,2025-08-29T22:56:30.781430,restaurant,Merchant_20,,legitimate
txn_371,user_71,140.05,2025-09-20T18:56:30.781430,grocery,Merchant_21,Chicago,legitimate
txn_372,user_72,76.3,2025-09-01T02:56:30.781430,restaurant,Merchant_22,New York,legitimate
txn_373,user_73,414.99,2025-09-18T20:56:30.781430,grocery,Merchant_23,,legitimate
txn_374,user_74,306.26,2025-09-03T10:56:30.781430,restaurant,Merchant_24,New York,legitimate
txn_375,user_75,373.79,2025-09-17T01:56:30.781430,restaurant,Merchant_25,New York,legitimate
txn_376,user_76,34.3,2025-08-24T00:56:30.781430,grocery,Merchant_26,,legitimate
txn_377,user_77,49.1,2025-09-11T18:56:30.781430,grocery,Merchant_27,New York,legitimate
txn_378,user_78,198.67,2025-08-28T18:56:30.781430,grocery,Merchant_28,New York,legitimate
txn_379,user_79,61.12,2025-09-21T13:56:30.781430,grocery,Merchant_29,Los Angeles,legitimate
txn_380,user_80,135.85,2025-08-31T14:56:30.781430,retail,Merchant_30,Los Angeles,legitimate
txn_381,user_81,107.64,2025-08-22T19:56:30.781430,retail,Merchant_31,Chicago,legitimate
txn_382,user_82,112.09,2025-08-28T10:56:30.781430,grocery,Merchant_32,Chicago,legitimate
txn_383,user_83,255.46,2025-08-31T14:56:30.781430,restaurant,Merchant_33,New York,legitimate
txn_384,user_84,133.35,2025-09-05T17:56:30.781430,grocery,Merchant_34,Chicago,legitimate
txn_385,user_85,29.27,2025-09-11T16:56:30.781430,grocery,Merchant_35,,legitimate
txn_386,user_86,4496.21,2025-09-16T04:56:30.781430,online,Merchant_36,,fraud
txn_387,user_87,28.07,2025-09-02T14:56:30.781430,restaurant,Merchant_37,,legitimate
txn_388,user_88,484.92,2025-08-26T21:56:30.781430,retail,Merchant_38,Chicago,legitimate
txn_389,user_89,333.62,2025-09-13T06:56:30.781430,grocery,Merchant_39,Los Angeles,legitimate
txn_390,user_90,45.31,2025-08-26T13:56:30.781430,grocery,Merchant_40,Chicago,legitimate
txn_391,user_91,495.86,2025-09-11T16:56:30.781430,retail,Merchant_41,New York,legitimate
txn_392,user_92,464.11,2025-08-24T06:56:30.781430,retail,Merchant_42,Los Angeles,legitimate
txn_393,user_93,396.48,2025-08-29T12:56:30.781430,retail,Merchant_43,Los Angeles,legitimate
txn_394,user_94,346.31,2025-09-11T17:56:30.781430,restaurant,Merchant_44,,legitimate
txn_395,user_95,75.61,2025-09-08T23:56:30.781430,grocery,Merchant_45,Chicago,legitimate
txn_396,user_96,128.6,2025-08-25T17:56:30.781430,grocery,Merchant_46,New York,legitimate
txn_397,user_97,327.81,2025-09-06T15:56:30.781430,grocery,Merchant_47,,legitimate
txn_398,user_98,392.29,2025-09-18T17:56:30.781430,restaurant,Merchant_48,Los Angeles,legitimate
txn_399,user_99,274.6,2025-09-16T19:56:30.781430,restaurant,Merchant_49,Los Angeles,legitimate
txn_400,user_0,130.0,2025-09-04T23:56:30.781430,retail,Merchant_0,Los Angeles,legitimate
txn_401,user_1,131.67,2025-09-13T06:56:30.781430,retail,Merchant_1,New York,legitimate
txn_402,user_2,119.21,2025-08-24T17:56:30.781430,retail,Merchant_2,Los Angeles,legitimate
txn_403,user_3,322.15,2025-09-11T17:56:30.781430,restaurant,Merchant_3,Chicago,legitimate
txn_404,user_4,288.4,2025-09-16T10:56:30.781430,grocery,Merchant_4,New York,legitimate
txn_405,user_5,406.74,2025-08-24T20:56:30.781430,restaurant,Merchant_5,Los Angeles,legitimate
txn_406,user_6,443.6,2025-09-19T00:56:30.781430,grocery,Merchant_6,New York,legitimate
txn_407,user_7,242.96,2025-08-24T21:56:30.781430,restaurant,Merchant_7,,legitimate
txn_408,user_8,396.47,2025-08-26T07:56:30.781430,grocery,Merchant_8,,legitimate
txn_409,user_9,3907.55,2025-08-29T09:56:30.781430,gas_station,Merchant_9,,fraud
txn_410,user_10,335.25,2025-08-30T17:56:30.782432,retail,Merchant_10,Chicago,legitimate
txn_411,user_11,4941.04,2025-09-18T08:56:30.782432,gas_station,Merchant_11,,fraud
txn_412,user_12,494.11,2025-09-12T03:56:30.782432,restaurant,Merchant_12,Los Angeles,legitimate
txn_413,user_13,451.61,2025-09-17T22:56:30.782432,retail,Merchant_13,New York,legitimate
txn_414,user_14,390.63,2025-09-06T16:56:30.782432,grocery,Merchant_14,,legitimate
txn_415,user_15,363.58,2025-08-27T08:56:30.782432,grocery,Merchant_15,New York,legitimate
txn_416,user_16,204.36,2025-09-05T19:56:30.782432,restaurant,Merchant_16,Chicago,legitimate
txn_417,user_17,188.19,2025-09-14T05:56:30.782432,restaurant,Merchant_17,Los Angeles,legitimate
txn_418,user_18,423.27,2025-09-01T08:56:30.782432,retail,Merchant_18,Los Angeles,legitimate
txn_419,user_19,265.6,2025-09-11T18:56:30.782432,retail,Merchant_19,New York,legitimate
txn_420,user_20,351.19,2025-09-09T07:56:30.782432,grocery,Merchant_20,New York,legitimate
txn_421,user_21,430.2,2025-09-09T03:56:30.782432,retail,Merchant_21,Chicago,legitimate
txn_422,user_22,266.7,2025-09-20T08:56:30.782432,grocery,Merchant_22,Chicago,legitimate
txn_423,user_23,42.52,2025-09-06T08:56:30.782432,retail,Merchant_23,Chicago,legitimate
txn_424,user_24,264.15,2025-09-21T11:56:30.782432,grocery,Merchant_24,Los Angeles,legitimate
txn_425,user_25,174.54,2025-09-08T13:56:30.782432,retail,Merchant_25,Los Angeles,legitimate
txn_426,user_26,222.57,2025-08-29T02:56:30.782432,retail,Merchant_26,Los Angeles,legitimate
txn_427,user_27,252.18,2025-09-12T13:56:30.782432,grocery,Merchant_27,Chicago,legitimate
txn_428,user_28,218.51,2025-09-04T20:56:30.782432,retail,Merchant_28,New York,legitimate
txn_429,user_29,53.01,2025-09-03T16:56:30.782432,restaurant,Merchant_29,Chicago,legitimate
txn_430,user_30,134.31,2025-09-06T18:56:30.782432,restaurant,Merchant_30,Los Angeles,legitimate
txn_431,user_31,399.41,2025-08-27T09:56:30.782432,retail,Merchant_31,New York,legitimate
txn_432,user_32,39.41,2025-09-07T23:56:30.782432,restaurant,Merchant_32,,legitimate
txn_433,user_33,82.91,2025-08-30T08:56:30.782432,grocery,Merchant_33,Chicago,legitimate
txn_434,user_34,323.22,2025-09-05T09:56:30.782432,restaurant,Merchant_34,New York,legitimate
txn_435,user_35,20.82,2025-08-30T22:56:30.782432,grocery,Merchant_35,Chicago,legitimate
txn_436,user_36,417.78,2025-08-27T17:56:30.782432,grocery,Merchant_36,,legitimate
txn_437,user_37,382.28,2025-09-20T09:56:30.782432,retail,Merchant_37,Los Angeles,legitimate
txn_438,user_38,341.68,2025-08-30T18:56:30.782432,retail,Merchant_38,Chicago,legitimate
txn_439,user_39,311.41,2025-09-14T16:56:30.782432,grocery,Merchant_39,Los Angeles,legitimate
txn_440,user_40,456.77,2025-09-08T03:56:30.782432,retail,Merchant_40,Los Angeles,legitimate
txn_441,user_41,143.24,2025-09-02T16:56:30.782432,retail,Merchant_41,New York,legitimate
txn_442,user_42,69.93,2025-08-31T11:56:30.782432,grocery,Merchant_42,Chicago,legitimate
txn_443,user_43,353.68,2025-09-11T17:56:30.782432,grocery,Merchant_43,Chicago,legitimate
txn_444,user_44,2519.94,2025-08-24T07:56:30.782432,online,Merchant_44,New York,fraud
txn_445,user_45,321.73,2025-09-05T22:56:30.782432,retail,Merchant_45,,legitimate
txn_446,user_46,281.74,2025-08-23T15:56:30.782432,retail,Merchant_46,New York,legitimate
txn_447,user_47,3222.54,2025-09-15T10:56:30.782432,gas_station,Merchant_47,Los Angeles,fraud
txn_448,user_48,3815.37,2025-09-07T11:56:30.782432,gas_station,Merchant_48,Chicago,fraud
txn_449,user_49,4499.72,2025-09-06T22:56:30.782432,atm,Merchant_49,New York,fraud
txn_450,user_50,219.32,2025-09-13T10:56:30.782432,restaurant,Merchant_0,,legitimate
txn_451,user_51,106.7,2025-08-23T07:56:30.782432,grocery,Merchant_1,New York,legitimate
txn_452,user_52,92.04,2025-09-06T20:56:30.782432,grocery,Merchant_2,New York,legitimate
txn_453,user_53,277.19,2025-09-21T06:56:30.782432,restaurant,Merchant_3,Los Angeles,legitimate
txn_454,user_54,32.22,2025-08-24T16:56:30.782432,grocery,Merchant_4,New York,legitimate
txn_455,user_55,93.96,2025-08-29T14:56:30.782432,grocery,Merchant_5,,legitimate
txn_456,user_56,326.87,2025-08-26T13:56:30.782432,restaurant,Merchant_6,New York,legitimate
txn_457,user_57,232.21,2025-09-14T06:56:30.782432,restaurant,Merchant_7,New York,legitimate
txn_458,user_58,177.32,2025-08-24T17:56:30.782432,grocery,Merchant_8,,legitimate
txn_459,user_59,114.69,2025-09-18T23:56:30.782432,restaurant,Merchant_9,Los Angeles,legitimate
txn_460,user_60,435.16,2025-08-27T23:56:30.782432,retail,Merchant_10,New York,legitimate
txn_461,user_61,27.36,2025-09-02T17:56:30.782432,restaurant,Merchant_11,,legitimate
txn_462,user_62,270.87,2025-09-20T06:56:30.782432,restaurant,Merchant_12,New York,legitimate
txn_463,user_63,325.16,2025-08-25T19:56:30.782432,retail,Merchant_13,Chicago,legitimate
txn_464,user_64,144.23,2025-09-12T09:56:30.782432,restaurant,Merchant_14,New York,legitimate
txn_465,user_65,385.13,2025-09-11T10:56:30.782432,restaurant,Merchant_15,New York,legitimate
txn_466,user_66,283.48,2025-09-17T06:56:30.782432,restaurant,Merchant_16,New York,legitimate
txn_467,user_67,279.35,2025-09-15T02:56:30.782432,restaurant,Merchant_17,New York,legitimate
txn_468,user_68,431.55,2025-09-18T22:56:30.782432,grocery,Merchant_18,Chicago,legitimate
txn_469,user_69,478.89,2025-08-29T13:56:30.782432,grocery,Merchant_19,New York,legitimate
txn_470,user_70,381.34,2025-09-14T10:56:30.782432,grocery,Merchant_20,Los Angeles,legitimate
txn_471,user_71,4841.38,2025-08-27T18:56:30.782432,atm,Merchant_21,Chicago,fraud
txn_472,user_72,251.17,2025-09-17T23:56:30.782432,retail,Merchant_22,New York,legitimate
txn_473,user_73,110.54,2025-08-27T00:56:30.782432,restaurant,Merchant_23,Chicago,legitimate
txn_474,user_74,193.7,2025-08-24T10:56:30.782432,restaurant,Merchant_24,Chicago,legitimate
txn_475,user_75,491.03,2025-09-02T23:56:30.782432,restaurant,Merchant_25,,legitimate
txn_476,user_76,4074.66,2025-09-09T11:56:30.782432,atm,Merchant_26,New York,fraud
txn_477,user_77,376.66,2025-08-29T08:56:30.782432,retail,Merchant_27,Los Angeles,legitimate
txn_478,user_78,266.39,2025-09-19T06:56:30.782432,grocery,Merchant_28,,legitimate
txn_479,user_79,402.99,2025-09-19T18:56:30.782432,restaurant,Merchant_29,New York,legitimate
txn_480,user_80,286.56,2025-08-28T20:56:30.782432,grocery,Merchant_30,,legitimate
txn_481,user_81,317.9,2025-09-04T15:56:30.782432,restaurant,Merchant_31,Los Angeles,legitimate
txn_482,user_82,212.84,2025-09-17T14:56:30.782432,restaurant,Merchant_32,New York,legitimate
txn_483,user_83,14.8,2025-09-06T06:56:30.782432,restaurant,Merchant_33,New York,legitimate
txn_484,user_84,298.63,2025-08-22T23:56:30.782432,restaurant,Merchant_34,Chicago,legitimate
txn_485,user_85,51.18,2025-08-30T16:56:30.782432,restaurant,Merchant_35,,legitimate
txn_486,user_86,429.73,2025-09-12T07:56:30.782432,restaurant,Merchant_36,Chicago,legitimate
txn_487,user_87,2457.61,2025-08-22T04:56:30.782432,atm,Merchant_37,New York,fraud
txn_488,user_88,1230.56,2025-09-03T18:56:30.782432,online,Merchant_38,,fraud
txn_489,user_89,467.41,2025-09-11T15:56:30.782432,grocery,Merchant_39,Chicago,legitimate
txn_490,user_90,60.56,2025-09-05T21:56:30.782432,grocery,Merchant_40,,legitimate
txn_491,user_91,489.91,2025-09-05T16:56:30.782432,grocery,Merchant_41,,legitimate
txn_492,user_92,4134.32,2025-08-24T08:56:30.782432,gas_station,Merchant_42,Los Angeles,fraud
txn_493,user_93,40.91,2025-08-30T20:56:30.782432,grocery,Merchant_43,Chicago,legitimate
txn_494,user_94,234.22,2025-09-17T14:56:30.782432,grocery,Merchant_44,Chicago,legitimate
txn_495,user_95,297.14,2025-09-02T21:56:30.782432,restaurant,Merchant_45,New York,legitimate
txn_496,user_96,399.5,2025-09-10T03:56:30.782432,grocery,Merchant_46,Los Angeles,legitimate
txn_497,user_97,341.49,2025-09-18T18:56:30.782432,grocery,Merchant_47,New York,legitimate
txn_498,user_98,352.38,2025-09-16T18:56:30.782432,retail,Merchant_48,Los Angeles,legitimate
txn_499,user_99,417.97,2025-08-30T07:56:30.782432,grocery,Merchant_49,Chicago,legitimate
txn_500,user_0,31.81,2025-08-26T10:56:30.782432,restaurant,Merchant_0,,legitimate
txn_501,user_1,157.82,2025-09-02T13:56:30.782432,restaurant,Merchant_1,Los Angeles,legitimate
txn_502,user_2,154.88,2025-08-27T07:56:30.782432,retail,Merchant_2,Los Angeles,legitimate
txn_503,user_3,1646.75,2025-09-18T03:56:30.782432,atm,Merchant_3,,fraud
txn_504,user_4,145.9,2025-08-23T16:56:30.782432,grocery,Merchant_4,Los Angeles,legitimate
txn_505,user_5,124.6,2025-09-14T09:56:30.782432,restaurant,Merchant_5,New York,legitimate
txn_506,user_6,394.06,2025-09-06T11:56:30.782432,retail,Merchant_6,Los Angeles,legitimate
txn_507,user_7,137.08,2025-09-01T06:56:30.782432,retail,Merchant_7,New York,legitimate
txn_508,user_8,3036.37,2025-09-21T16:56:30.782432,atm,Merchant_8,Chicago,fraud
txn_509,user_9,114.07,2025-09-14T15:56:30.782432,restaurant,Merchant_9,New York,legitimate
txn_510,user_10,201.03,2025-09-11T23:56:30.782432,retail,Merchant_10,Los Angeles,legitimate
txn_511,user_11,349.2,2025-08-26T13:56:30.782432,restaurant,Merchant_11,,legitimate
txn_512,user_12,117.47,2025-09-12T22:56:30.782432,restaurant,Merchant_12,Los Angeles,legitimate
txn_513,user_13,153.78,2025-09-05T14:56:30.782432,retail,Merchant_13,,legitimate
txn_514,user_14,459.12,2025-08-31T14:56:30.782432,grocery,Merchant_14,New York,legitimate
txn_515,user_15,435.51,2025-09-18T05:56:30.782432,grocery,Merchant_15,,legitimate
txn_516,user_16,242.61,2025-09-13T19:56:30.782432,grocery,Merchant_16,Los Angeles,legitimate
txn_517,user_17,4732.7,2025-08-25T17:56:30.782432,atm,Merchant_17,New York,fraud
txn_518,user_18,118.43,2025-09-10T07:56:30.782432,grocery,Merchant_18,Los Angeles,legitimate
txn_519,user_19,125.73,2025-09-13T06:56:30.782432,retail,Merchant_19,Los Angeles,legitimate
txn_520,user_20,485.8,2025-08-22T16:56:30.782432,restaurant,Merchant_20,Chicago,legitimate
txn_521,user_21,57.21,2025-08-26T08:56:30.782432,restaurant,Merchant_21,Chicago,legitimate
txn_522,user_22,157.77,2025-08-27T21:56:30.782432,grocery,Merchant_22,Los Angeles,legitimate
txn_523,user_23,497.57,2025-09-14T09:56:30.782432,restaurant,Merchant_23,,legitimate
txn_524,user_24,215.24,2025-08-22T18:56:30.782432,retail,Merchant_24,,legitimate
txn_525,user_25,4945.04,2025-08-23T21:56:30.782432,gas_station,Merchant_25,Chicago,fraud
txn_526,user_26,265.98,2025-08-24T09:56:30.782432,retail,Merchant_26,Chicago,legitimate
txn_527,user_27,318.9,2025-09-12T16:56:30.782432,grocery,Merchant_27,New York,legitimate
txn_528,user_28,67.66,2025-09-03T15:56:30.782432,retail,Merchant_28,,legitimate
txn_529,user_29,347.54,2025-09-14T04:56:30.782432,restaurant,Merchant_29,Chicago,legitimate
txn_530,user_30,361.19,2025-09-19T08:56:30.782432,restaurant,Merchant_30,Chicago,legitimate
txn_531,user_31,170.66,2025-09-09T06:56:30.782432,grocery,Merchant_31,Chicago,legitimate
txn_532,user_32,206.0,2025-09-10T08:56:30.782432,retail,Merchant_32,,legitimate
txn_533,user_33,59.06,2025-08-24T15:56:30.782432,grocery,Merchant_33,Los Angeles,legitimate
txn_534,user_34,110.9,2025-09-02T00:56:30.782432,retail,Merchant_34,Los Angeles,legitimate
txn_535,user_35,123.41,2025-09-21T13:56:30.782432,retail,Merchant_35,New York,legitimate
txn_536,user_36,119.38,2025-09-12T21:56:30.782432,retail,Merchant_36,New York,legitimate
txn_537,user_37,78.59,2025-09-06T11:56:30.782432,restaurant,Merchant_37,Chicago,legitimate
txn_538,user_38,266.69,2025-09-01T15:56:30.782432,grocery,Merchant_38,New York,legitimate
txn_539,user_39,495.27,2025-09-20T16:56:30.782432,retail,Merchant_39,Los Angeles,legitimate
txn_540,user_40,1912.53,2025-09-15T10:56:30.782432,atm,Merchant_40,New York,fraud
txn_541,user_41,173.72,2025-08-27T07:56:30.782432,restaurant,Merchant_41,Los Angeles,legitimate
txn_542,user_42,37.14,2025-08-24T16:56:30.782432,grocery,Merchant_42,New York,legitimate
txn_543,user_43,1530.3,2025-09-11T04:56:30.782432,gas_station,Merchant_43,,fraud
txn_544,user_44,145.7,2025-08-22T15:56:30.782432,restaurant,Merchant_44,,legitimate
txn_545,user_45,250.07,2025-09-18T12:56:30.782432,retail,Merchant_45,New York,legitimate
txn_546,user_46,273.9,2025-09-20T09:56:30.782432,restaurant,Merchant_46,Los Angeles,legitimate
txn_547,user_47,398.04,2025-08-30T15:56:30.782432,retail,Merchant_47,New York,legitimate
txn_548,user_48,54.88,2025-09-10T21:56:30.782432,grocery,Merchant_48,Los Angeles,legitimate
txn_549,user_49,142.85,2025-09-20T08:56:30.782432,grocery,Merchant_49,New York,legitimate
txn_550,user_50,115.62,2025-09-15T20:56:30.782432,restaurant,Merchant_0,Chicago,legitimate
txn_551,user_51,222.0,2025-09-17T20:56:30.782432,grocery,Merchant_1,New York,legitimate
txn_552,user_52,249.11,2025-09-10T09:56:30.782432,grocery,Merchant_2,,legitimate
txn_553,user_53,414.98,2025-08-24T22:56:30.782432,restaurant,Merchant_3,Los Angeles,legitimate
txn_554,user_54,249.35,2025-08-29T20:56:30.782432,grocery,Merchant_4,Los Angeles,legitimate
txn_555,user_55,100.41,2025-09-01T15:56:30.782432,restaurant,Merchant_5,Los Angeles,legitimate
txn_556,user_56,252.71,2025-09-17T21:56:30.782432,restaurant,Merchant_6,New York,legitimate
txn_557,user_57,259.81,2025-09-13T07:56:30.782432,retail,Merchant_7,Chicago,legitimate
txn_558,user_58,64.9,2025-08-23T03:56:30.782432,restaurant,Merchant_8,Chicago,legitimate
txn_559,user_59,131.14,2025-09-16T12:56:30.782432,restaurant,Merchant_9,Los Angeles,legitimate
txn_560,user_60,439.73,2025-09-14T04:56:30.782432,grocery,Merchant_10,,legitimate
txn_561,user_61,163.36,2025-09-17T08:56:30.782432,retail,Merchant_11,Los Angeles,legitimate
txn_562,user_62,340.04,2025-09-14T17:56:30.782432,grocery,Merchant_12,New York,legitimate
txn_563,user_63,498.11,2025-09-15T13:56:30.782432,grocery,Merchant_13,Los Angeles,legitimate
txn_564,user_64,3666.79,2025-09-17T03:56:30.782432,atm,Merchant_14,Chicago,fraud
txn_565,user_65,280.25,2025-09-05T20:56:30.782432,grocery,Merchant_15,Los Angeles,legitimate
txn_566,user_66,232.66,2025-09-20T17:56:30.782432,restaurant,Merchant_16,,legitimate
txn_567,user_67,352.53,2025-09-14T10:56:30.782432,retail,Merchant_17,Los Angeles,legitimate
txn_568,user_68,4956.56,2025-08-23T23:56:30.782432,gas_station,Merchant_18,,fraud
txn_569,user_69,351.96,2025-09-14T11:56:30.782432,restaurant,Merchant_19,Chicago,legitimate
txn_570,user_70,144.64,2025-08-31T09:56:30.782432,retail,Merchant_20,,legitimate
txn_571,user_71,95.85,2025-08-30T19:56:30.782432,restaurant,Merchant_21,Los Angeles,legitimate
txn_572,user_72,402.51,2025-09-09T19:56:30.782432,restaurant,Merchant_22,Los Angeles,legitimate
txn_573,user_73,249.86,2025-09-08T16:56:30.782432,grocery,Merchant_23,Los Angeles,legitimate
txn_574,user_74,268.06,2025-09-01T07:56:30.782432,retail,Merchant_24,Chicago,legitimate
txn_575,user_75,384.57,2025-09-19T14:56:30.782432,retail,Merchant_25,Los Angeles,legitimate
txn_576,user_76,124.5,2025-09-07T20:56:30.782432,restaurant,Merchant_26,Los Angeles,legitimate
txn_577,user_77,190.44,2025-09-04T20:56:30.782432,grocery,Merchant_27,Los Angeles,legitimate
txn_578,user_78,26.34,2025-09-14T08:56:30.782432,grocery,Merchant_28,,legitimate
txn_579,user_79,171.68,2025-09-03T09:56:30.782432,grocery,Merchant_29,New York,legitimate
txn_580,user_80,2924.83,2025-09-09T15:56:30.783431,online,Merchant_30,New York,fraud
txn_581,user_81,196.16,2025-08-31T14:56:30.783431,grocery,Merchant_31,Chicago,legitimate
txn_582,user_82,255.67,2025-09-06T14:56:30.783431,restaurant,Merchant_32,,legitimate
txn_583,user_83,385.58,2025-09-01T17:56:30.783431,restaurant,Merchant_33,,legitimate
txn_584,user_84,135.49,2025-09-04T14:56:30.783431,retail,Merchant_34,Los Angeles,legitimate
txn_585,user_85,293.85,2025-09-19T07:56:30.783431,grocery,Merchant_35,New York,legitimate
txn_586,user_86,101.86,2025-08-31T23:56:30.783431,restaurant,Merchant_36,,legitimate
txn_587,user_87,174.51,2025-09-19T09:56:30.783431,restaurant,Merchant_37,,legitimate
txn_588,user_88,228.28,2025-08-27T07:56:30.783431,grocery,Merchant_38,Chicago,legitimate
txn_589,user_89,217.63,2025-09-09T20:56:30.783431,grocery,Merchant_39,Chicago,legitimate
txn_590,user_90,250.97,2025-09-02T06:56:30.783431,grocery,Merchant_40,Los Angeles,legitimate
txn_591,user_91,287.52,2025-09-07T09:56:30.783431,restaurant,Merchant_41,New York,legitimate
txn_592,user_92,344.55,2025-09-06T08:56:30.783431,grocery,Merchant_42,,legitimate
txn_593,user_93,437.04,2025-09-03T23:56:30.783431,grocery,Merchant_43,Chicago,legitimate
txn_594,user_94,113.03,2025-08-24T08:56:30.783431,retail,Merchant_44,,legitimate
txn_595,user_95,1235.41,2025-09-17T10:56:30.783431,online,Merchant_45,,fraud
txn_596,user_96,421.11,2025-09-09T00:56:30.783431,retail,Merchant_46,,legitimate
txn_597,user_97,3024.1,2025-09-02T04:56:30.783431,gas_station,Merchant_47,Los Angeles,fraud
txn_598,user_98,471.94,2025-08-30T22:56:30.783431,restaurant,Merchant_48,,legitimate
txn_599,user_99,150.13,2025-08-28T08:56:30.783431,restaurant,Merchant_49,Los Angeles,legitimate
txn_600,user_0,1520.95,2025-09-21T02:56:30.783431,gas_station,Merchant_0,Los Angeles,fraud
txn_601,user_1,127.4,2025-09-08T09:56:30.783431,retail,Merchant_1,New York,legitimate
txn_602,user_2,298.17,2025-09-04T18:56:30.783431,restaurant,Merchant_2,Los Angeles,legitimate
txn_603,user_3,86.76,2025-09-21T22:56:30.783431,retail,Merchant_3,,legitimate
txn_604,user_4,449.35,2025-08-26T17:56:30.783431,grocery,Merchant_4,New York,legitimate
txn_605,user_5,3891.39,2025-08-24T03:56:30.783431,atm,Merchant_5,Chicago,fraud
txn_606,user_6,265.41,2025-09-02T11:56:30.783431,grocery,Merchant_6,,legitimate
txn_607,user_7,317.6,2025-09-01T06:56:30.783431,retail,Merchant_7,Los Angeles,legitimate
txn_608,user_8,313.76,2025-08-29T19:56:30.783431,retail,Merchant_8,Chicago,legitimate
txn_609,user_9,288.59,2025-08-30T05:56:30.783431,restaurant,Merchant_9,Chicago,legitimate
txn_610,user_10,253.61,2025-09-06T06:56:30.783431,restaurant,Merchant_10,,legitimate
txn_611,user_11,265.92,2025-09-15T01:56:30.783431,grocery,Merchant_11,,legitimate
txn_612,user_12,373.84,2025-09-19T13:56:30.783431,grocery,Merchant_12,Los Angeles,legitimate
txn_613,user_13,316.2,2025-09-04T15:56:30.783431,grocery,Merchant_13,Los Angeles,legitimate
txn_614,user_14,279.66,2025-09-20T06:56:30.783431,grocery,Merchant_14,Los Angeles,legitimate
txn_615,user_15,30.21,2025-09-05T17:56:30.783431,grocery,Merchant_15,Chicago,legitimate
txn_616,user_16,275.19,2025-09-01T10:56:30.783431,retail,Merchant_16,,legitimate
txn_617,user_17,249.48,2025-09-10T06:56:30.783431,restaurant,Merchant_17,Los Angeles,legitimate
txn_618,user_18,498.09,2025-09-11T15:56:30.783431,restaurant,Merchant_18,New York,legitimate
txn_619,user_19,316.56,2025-09-10T20:56:30.783431,retail,Merchant_19,Chicago,legitimate
txn_620,user_20,3059.14,2025-09-12T15:56:30.783431,online,Merchant_20,Los Angeles,fraud
txn_621,user_21,185.2,2025-09-07T06:56:30.783431,grocery,Merchant_21,Chicago,legitimate
txn_622,user_22,164.33,2025-08-23T19:56:30.783431,restaurant,Merchant_22,Los Angeles,legitimate
txn_623,user_23,299.39,2025-08-24T22:56:30.783431,grocery,Merchant_23,,legitimate
txn_624,user_24,226.89,2025-08-27T12:56:30.783431,grocery,Merchant_24,Chicago,legitimate
txn_625,user_25,191.36,2025-09-11T16:56:30.783431,restaurant,Merchant_25,Chicago,legitimate
txn_626,user_26,450.18,2025-08-22T17:56:30.783431,restaurant,Merchant_26,,legitimate
txn_627,user_27,316.13,2025-09-19T22:56:30.783431,grocery,Merchant_27,New York,legitimate
txn_628,user_28,88.32,2025-08-30T14:56:30.783431,grocery,Merchant_28,New York,legitimate
txn_629,user_29,3058.19,2025-09-18T18:56:30.783431,atm,Merchant_29,Los Angeles,fraud
txn_630,user_30,89.46,2025-09-08T19:56:30.783431,retail,Merchant_30,,legitimate
txn_631,user_31,218.92,2025-09-12T10:56:30.783431,grocery,Merchant_31,New York,legitimate
txn_632,user_32,164.03,2025-08-28T11:56:30.783431,grocery,Merchant_32,Los Angeles,legitimate
txn_633,user_33,254.33,2025-08-25T09:56:30.783431,grocery,Merchant_33,Los Angeles,legitimate
txn_634,user_34,408.02,2025-08-30T08:56:30.783431,grocery,Merchant_34,Chicago,legitimate
txn_635,user_35,15.71,2025-09-12T23:56:30.783431,grocery,Merchant_35,,legitimate
txn_636,user_36,42.72,2025-09-14T21:56:30.783431,restaurant,Merchant_36,,legitimate
txn_637,user_37,362.0,2025-09-14T12:56:30.783431,restaurant,Merchant_37,Chicago,legitimate
txn_638,user_38,307.04,2025-09-03T17:56:30.783431,retail,Merchant_38,Chicago,legitimate
txn_639,user_39,16.36,2025-09-17T06:56:30.783431,retail,Merchant_39,Los Angeles,legitimate
txn_640,user_40,1164.88,2025-09-12T06:56:30.783431,online,Merchant_40,,fraud
txn_641,user_41,494.21,2025-08-30T08:56:30.783431,grocery,Merchant_41,,legitimate
txn_642,user_42,313.45,2025-08-31T11:56:30.783431,grocery,Merchant_42,Los Angeles,legitimate
txn_643,user_43,109.24,2025-09-11T09:56:30.783431,grocery,Merchant_43,New York,legitimate
txn_644,user_44,59.22,2025-08-28T22:56:30.783431,retail,Merchant_44,Chicago,legitimate
txn_645,user_45,133.56,2025-09-03T17:56:30.783431,restaurant,Merchant_45,Chicago,legitimate
txn_646,user_46,392.67,2025-08-27T16:56:30.783431,restaurant,Merchant_46,Los Angeles,legitimate
txn_647,user_47,88.61,2025-08-31T21:56:30.783431,grocery,Merchant_47,Chicago,legitimate
txn_648,user_48,257.0,2025-09-14T10:56:30.783431,restaurant,Merchant_48,New York,legitimate
txn_649,user_49,75.72,2025-08-30T06:56:30.783431,restaurant,Merchant_49,,legitimate
txn_650,user_50,344.82,2025-09-09T06:56:30.783431,grocery,Merchant_0,New York,legitimate
txn_651,user_51,299.25,2025-09-13T08:56:30.783431,restaurant,Merchant_1,New York,legitimate
txn_652,user_52,4245.03,2025-08-24T02:56:30.783431,gas_station,Merchant_2,,fraud
txn_653,user_53,13.1,2025-09-13T11:56:30.783431,restaurant,Merchant_3,,legitimate
txn_654,user_54,323.71,2025-09-07T11:56:30.783431,restaurant,Merchant_4,New York,legitimate
txn_655,user_55,209.52,2025-08-27T10:56:30.783431,retail,Merchant_5,,legitimate
txn_656,user_56,165.07,2025-08-27T13:56:30.783431,retail,Merchant_6,Chicago,legitimate
txn_657,user_57,3496.82,2025-09-09T19:56:30.783431,online,Merchant_7,Chicago,fraud
txn_658,user_58,374.75,2025-08-28T11:56:30.783431,restaurant,Merchant_8,New York,legitimate
txn_659,user_59,177.46,2025-09-08T11:56:30.783431,restaurant,Merchant_9,Chicago,legitimate
txn_660,user_60,3055.5,2025-09-05T04:56:30.783431,online,Merchant_10,,fraud
txn_661,user_61,277.01,2025-08-22T08:56:30.783431,restaurant,Merchant_11,Chicago,legitimate
txn_662,user_62,364.39,2025-08-23T18:56:30.783431,grocery,Merchant_12,,legitimate
txn_663,user_63,134.46,2025-09-08T11:56:30.783431,grocery,Merchant_13,Chicago,legitimate
txn_664,user_64,138.16,2025-08-28T21:56:30.783431,grocery,Merchant_14,New York,legitimate
txn_665,user_65,50.75,2025-09-04T07:56:30.783431,restaurant,Merchant_15,,legitimate
txn_666,user_66,430.4,2025-09-05T18:56:30.783431,retail,Merchant_16,,legitimate
txn_667,user_67,333.05,2025-09-20T13:56:30.783431,retail,Merchant_17,New York,legitimate
txn_668,user_68,412.93,2025-09-15T08:56:30.783431,retail,Merchant_18,Los Angeles,legitimate
txn_669,user_69,256.01,2025-09-14T21:56:30.783431,retail,Merchant_19,,legitimate
txn_670,user_70,435.03,2025-09-15T11:56:30.783431,grocery,Merchant_20,New York,legitimate
txn_671,user_71,2903.88,2025-09-15T13:56:30.783431,online,Merchant_21,New York,fraud
txn_672,user_72,42.36,2025-09-11T08:56:30.783431,grocery,Merchant_22,,legitimate
txn_673,user_73,222.51,2025-09-06T12:56:30.783431,retail,Merchant_23,,legitimate
txn_674,user_74,230.5,2025-08-26T10:56:30.783431,grocery,Merchant_24,Los Angeles,legitimate
txn_675,user_75,83.69,2025-08-29T00:56:30.783431,grocery,Merchant_25,New York,legitimate
txn_676,user_76,126.21,2025-09-02T11:56:30.783431,retail,Merchant_26,Los Angeles,legitimate
txn_677,user_77,215.71,2025-09-21T07:56:30.783431,retail,Merchant_27,Los Angeles,legitimate
txn_678,user_78,303.64,2025-08-25T12:56:30.783431,retail,Merchant_28,Los Angeles,legitimate
txn_679,user_79,426.45,2025-09-13T20:56:30.783431,grocery,Merchant_29,Los Angeles,legitimate
txn_680,user_80,189.99,2025-08-29T16:56:30.783431,grocery,Merchant_30,,legitimate
txn_681,user_81,428.65,2025-09-14T07:56:30.783431,grocery,Merchant_31,,legitimate
txn_682,user_82,318.63,2025-09-04T06:56:30.783431,retail,Merchant_32,Los Angeles,legitimate
txn_683,user_83,127.93,2025-09-15T10:56:30.783431,grocery,Merchant_33,Chicago,legitimate
txn_684,user_84,296.27,2025-09-06T09:56:30.783431,retail,Merchant_34,New York,legitimate
txn_685,user_85,102.72,2025-08-31T21:56:30.783431,retail,Merchant_35,Los Angeles,legitimate
txn_686,user_86,218.34,2025-09-15T22:56:30.783431,restaurant,Merchant_36,,legitimate
txn_687,user_87,499.68,2025-08-29T17:56:30.783431,restaurant,Merchant_37,Chicago,legitimate
txn_688,user_88,401.82,2025-09-10T15:56:30.783431,restaurant,Merchant_38,New York,legitimate
txn_689,user_89,118.17,2025-08-22T17:56:30.783431,grocery,Merchant_39,Chicago,legitimate
txn_690,user_90,127.92,2025-09-09T19:56:30.783431,retail,Merchant_40,Chicago,legitimate
txn_691,user_91,410.69,2025-09-08T21:56:30.783431,grocery,Merchant_41,,legitimate
txn_692,user_92,330.14,2025-09-07T15:56:30.783431,restaurant,Merchant_42,,legitimate
txn_693,user_93,450.64,2025-08-27T04:56:30.783431,restaurant,Merchant_43,New York,legitimate
txn_694,user_94,159.42,2025-09-18T18:56:30.783431,retail,Merchant_44,,legitimate
txn_695,user_95,46.12,2025-08-28T14:56:30.783431,restaurant,Merchant_45,Chicago,legitimate
txn_696,user_96,53.32,2025-09-20T17:56:30.783431,grocery,Merchant_46,New York,legitimate
txn_697,user_97,2881.72,2025-08-25T21:56:30.783431,gas_station,Merchant_47,Chicago,fraud
txn_698,user_98,11.71,2025-09-16T15:56:30.783431,retail,Merchant_48,New York,legitimate
txn_699,user_99,124.78,2025-09-02T21:56:30.783431,restaurant,Merchant_49,Chicago,legitimate
txn_700,user_0,394.51,2025-09-08T14:56:30.783431,restaurant,Merchant_0,Chicago,legitimate
txn_701,user_1,293.41,2025-09-19T16:56:30.783431,restaurant,Merchant_1,New York,legitimate
txn_702,user_2,356.1,2025-08-23T12:56:30.783431,grocery,Merchant_2,Los Angeles,legitimate
txn_703,user_3,381.73,2025-09-13T16:56:30.783431,retail,Merchant_3,,legitimate
txn_704,user_4,10.64,2025-09-10T12:56:30.783431,restaurant,Merchant_4,Chicago,legitimate
txn_705,user_5,2361.28,2025-09-21T20:56:30.783431,online,Merchant_5,Chicago,fraud
txn_706,user_6,50.82,2025-09-18T14:56:30.783431,grocery,Merchant_6,Los Angeles,legitimate
txn_707,user_7,195.63,2025-09-02T17:56:30.783431,grocery,Merchant_7,,legitimate
txn_708,user_8,462.51,2025-09-17T15:56:30.783431,grocery,Merchant_8,Los Angeles,legitimate
txn_709,user_9,201.4,2025-09-16T19:56:30.783431,restaurant,Merchant_9,,legitimate
txn_710,user_10,103.9,2025-09-14T16:56:30.783431,grocery,Merchant_10,Chicago,legitimate
txn_711,user_11,458.95,2025-09-18T13:56:30.783431,grocery,Merchant_11,,legitimate
txn_712,user_12,217.28,2025-09-09T11:56:30.783431,retail,Merchant_12,Chicago,legitimate
txn_713,user_13,485.68,2025-09-10T12:56:30.783431,restaurant,Merchant_13,Chicago,legitimate
txn_714,user_14,428.2,2025-08-31T00:56:30.783431,grocery,Merchant_14,,legitimate
txn_715,user_15,328.5,2025-08-31T18:56:30.783431,restaurant,Merchant_15,Chicago,legitimate
txn_716,user_16,143.66,2025-09-06T10:56:30.783431,retail,Merchant_16,New York,legitimate
txn_717,user_17,462.82,2025-09-16T14:56:30.783431,retail,Merchant_17,Los Angeles,legitimate
txn_718,user_18,297.68,2025-09-20T09:56:30.783431,retail,Merchant_18,New York,legitimate
txn_719,user_19,282.87,2025-09-21T11:56:30.783431,restaurant,Merchant_19,,legitimate
txn_720,user_20,4845.27,2025-09-09T23:56:30.783431,gas_station,Merchant_20,Los Angeles,fraud
txn_721,user_21,426.0,2025-08-29T23:56:30.783431,retail,Merchant_21,New York,legitimate
txn_722,user_22,4363.74,2025-09-17T17:56:30.783431,online,Merchant_22,Chicago,fraud
txn_723,user_23,103.76,2025-08-27T06:56:30.783431,retail,Merchant_23,New York,legitimate
txn_724,user_24,69.65,2025-09-04T22:56:30.783431,grocery,Merchant_24,Los Angeles,legitimate
txn_725,user_25,480.36,2025-09-21T15:56:30.783431,grocery,Merchant_25,Chicago,legitimate
txn_726,user_26,470.7,2025-09-19T16:56:30.783431,restaurant,Merchant_26,Chicago,legitimate
txn_727,user_27,22.94,2025-09-19T18:56:30.783431,retail,Merchant_27,Chicago,legitimate
txn_728,user_28,96.55,2025-08-22T05:56:30.783431,retail,Merchant_28,,legitimate
txn_729,user_29,313.01,2025-09-21T21:56:30.783431,grocery,Merchant_29,New York,legitimate
txn_730,user_30,356.59,2025-08-28T13:56:30.783431,grocery,Merchant_30,New York,legitimate
txn_731,user_31,447.73,2025-09-21T11:56:30.783431,retail,Merchant_31,Chicago,legitimate
txn_732,user_32,316.96,2025-08-28T14:56:30.783431,restaurant,Merchant_32,Los Angeles,legitimate
txn_733,user_33,428.21,2025-09-01T14:56:30.783431,retail,Merchant_33,,legitimate
txn_734,user_34,3797.6,2025-09-07T23:56:30.783431,atm,Merchant_34,,fraud
txn_735,user_35,311.67,2025-09-03T11:56:30.783431,grocery,Merchant_35,New York,legitimate
txn_736,user_36,384.0,2025-09-13T06:56:30.783431,restaurant,Merchant_36,,legitimate
txn_737,user_37,218.07,2025-09-07T21:56:30.783431,restaurant,Merchant_37,Los Angeles,legitimate
txn_738,user_38,131.6,2025-09-08T17:56:30.783431,retail,Merchant_38,Los Angeles,legitimate
txn_739,user_39,115.46,2025-09-17T14:56:30.783431,grocery,Merchant_39,New York,legitimate
txn_740,user_40,124.1,2025-09-02T23:56:30.783431,restaurant,Merchant_40,,legitimate
txn_741,user_41,164.41,2025-09-08T17:56:30.783431,grocery,Merchant_41,Los Angeles,legitimate
txn_742,user_42,193.88,2025-08-23T09:56:30.784430,restaurant,Merchant_42,New York,legitimate
txn_743,user_43,255.95,2025-08-23T12:56:30.784430,restaurant,Merchant_43,Chicago,legitimate
txn_744,user_44,2530.76,2025-08-23T15:56:30.784430,gas_station,Merchant_44,New York,fraud
txn_745,user_45,77.95,2025-09-21T10:56:30.784430,grocery,Merchant_45,Los Angeles,legitimate
txn_746,user_46,42.56,2025-09-19T15:56:30.784430,retail,Merchant_46,New York,legitimate
txn_747,user_47,4677.55,2025-08-30T06:56:30.784430,gas_station,Merchant_47,Chicago,fraud
txn_748,user_48,461.75,2025-09-02T15:56:30.784430,retail,Merchant_48,Los Angeles,legitimate
txn_749,user_49,68.76,2025-09-09T05:56:30.784430,retail,Merchant_49,,legitimate
txn_750,user_50,98.41,2025-08-31T09:56:30.784430,restaurant,Merchant_0,New York,legitimate
txn_751,user_51,194.53,2025-09-06T17:56:30.784430,grocery,Merchant_1,Chicago,legitimate
txn_752,user_52,102.64,2025-09-18T06:56:30.784430,retail,Merchant_2,New York,legitimate
txn_753,user_53,356.81,2025-09-09T07:56:30.784430,grocery,Merchant_3,New York,legitimate
txn_754,user_54,340.43,2025-09-20T05:56:30.784430,retail,Merchant_4,Chicago,legitimate
txn_755,user_55,462.62,2025-09-08T20:56:30.784430,retail,Merchant_5,New York,legitimate
txn_756,user_56,228.33,2025-09-13T15:56:30.784430,retail,Merchant_6,New York,legitimate
txn_757,user_57,50.12,2025-08-26T02:56:30.784430,retail,Merchant_7,Los Angeles,legitimate
txn_758,user_58,357.2,2025-09-16T21:56:30.784430,grocery,Merchant_8,,legitimate
txn_759,user_59,25.31,2025-08-22T20:56:30.784430,grocery,Merchant_9,,legitimate
txn_760,user_60,168.41,2025-09-11T13:56:30.784430,retail,Merchant_10,Los Angeles,legitimate
txn_761,user_61,58.2,2025-09-08T02:56:30.784430,retail,Merchant_11,Los Angeles,legitimate
txn_762,user_62,62.35,2025-09-20T08:56:30.784430,retail,Merchant_12,New York,legitimate
txn_763,user_63,61.06,2025-08-22T13:56:30.784430,grocery,Merchant_13,Los Angeles,legitimate
txn_764,user_64,95.45,2025-09-05T06:56:30.784430,restaurant,Merchant_14,,legitimate
txn_765,user_65,398.46,2025-09-10T18:56:30.784430,restaurant,Merchant_15,,legitimate
txn_766,user_66,16.52,2025-09-19T21:56:30.784430,retail,Merchant_16,Chicago,legitimate
txn_767,user_67,292.05,2025-09-01T06:56:30.784430,restaurant,Merchant_17,Chicago,legitimate
txn_768,user_68,344.77,2025-08-27T15:56:30.784430,restaurant,Merchant_18,New York,legitimate
txn_769,user_69,408.49,2025-09-10T21:56:30.784430,restaurant,Merchant_19,Chicago,legitimate
txn_770,user_70,483.36,2025-08-23T01:56:30.784430,grocery,Merchant_20,Chicago,legitimate
txn_771,user_71,400.14,2025-08-25T04:56:30.784430,restaurant,Merchant_21,New York,legitimate
txn_772,user_72,475.88,2025-08-26T21:56:30.784430,grocery,Merchant_22,Chicago,legitimate
txn_773,user_73,283.35,2025-09-08T13:56:30.784430,restaurant,Merchant_23,,legitimate
txn_774,user_74,56.32,2025-08-22T07:56:30.784430,restaurant,Merchant_24,New York,legitimate
txn_775,user_75,25.44,2025-09-13T07:56:30.784430,retail,Merchant_25,,legitimate
txn_776,user_76,473.63,2025-09-05T13:56:30.784430,grocery,Merchant_26,Chicago,legitimate
txn_777,user_77,394.27,2025-08-23T11:56:30.784430,grocery,Merchant_27,,legitimate
txn_778,user_78,249.82,2025-09-08T09:56:30.784430,grocery,Merchant_28,Chicago,legitimate
txn_779,user_79,4565.86,2025-09-01T02:56:30.784430,atm,Merchant_29,New York,fraud
txn_780,user_80,119.14,2025-09-11T17:56:30.784430,retail,Merchant_30,Los Angeles,legitimate
txn_781,user_81,411.82,2025-09-01T11:56:30.784430,retail,Merchant_31,Chicago,legitimate
txn_782,user_82,468.82,2025-09-01T22:56:30.784430,restaurant,Merchant_32,Chicago,legitimate
txn_783,user_83,2954.38,2025-08-27T21:56:30.784430,online,Merchant_33,New York,fraud
txn_784,user_84,406.4,2025-09-13T14:56:30.784430,restaurant,Merchant_34,New York,legitimate
txn_785,user_85,242.08,2025-08-31T09:56:30.784430,retail,Merchant_35,New York,legitimate
txn_786,user_86,2847.63,2025-08-30T11:56:30.784430,atm,Merchant_36,Chicago,fraud
txn_787,user_87,167.72,2025-08-26T02:56:30.784430,retail,Merchant_37,Chicago,legitimate
txn_788,user_88,4285.31,2025-08-23T04:56:30.784430,gas_station,Merchant_38,,fraud
txn_789,user_89,346.38,2025-09-10T10:56:30.784430,retail,Merchant_39,Chicago,legitimate
txn_790,user_90,423.31,2025-09-03T03:56:30.784430,restaurant,Merchant_40,Chicago,legitimate
txn_791,user_91,380.92,2025-08-28T06:56:30.784430,retail,Merchant_41,Chicago,legitimate
txn_792,user_92,477.64,2025-09-20T04:56:30.784430,grocery,Merchant_42,New York,legitimate
txn_793,user_93,124.09,2025-08-23T15:56:30.784430,retail,Merchant_43,Los Angeles,legitimate
txn_794,user_94,136.86,2025-09-15T11:56:30.784430,restaurant,Merchant_44,Chicago,legitimate
txn_795,user_95,425.82,2025-09-17T20:56:30.784430,grocery,Merchant_45,Los Angeles,legitimate
txn_796,user_96,234.31,2025-09-11T15:56:30.784430,retail,Merchant_46,Chicago,legitimate
txn_797,user_97,15.89,2025-09-04T14:56:30.784430,retail,Merchant_47,New York,legitimate
txn_798,user_98,107.92,2025-09-07T08:56:30.784430,grocery,Merchant_48,Chicago,legitimate
txn_799,user_99,231.54,2025-09-07T11:56:30.784430,restaurant,Merchant_49,Los Angeles,legitimate
txn_800,user_0,456.22,2025-09-10T18:56:30.784430,restaurant,Merchant_0,Los Angeles,legitimate
txn_801,user_1,109.01,2025-09-13T21:56:30.784430,retail,Merchant_1,,legitimate
txn_802,user_2,294.81,2025-08-28T22:56:30.784430,grocery,Merchant_2,Chicago,legitimate
txn_803,user_3,3898.13,2025-09-20T04:56:30.784430,online,Merchant_3,New York,fraud
txn_804,user_4,53.79,2025-09-18T11:56:30.784430,grocery,Merchant_4,Chicago,legitimate
txn_805,user_5,75.77,2025-08-31T14:56:30.784430,retail,Merchant_5,,legitimate
txn_806,user_6,105.28,2025-09-07T17:56:30.784430,retail,Merchant_6,Los Angeles,legitimate
txn_807,user_7,270.2,2025-09-01T11:56:30.784430,restaurant,Merchant_7,,legitimate
txn_808,user_8,435.73,2025-08-22T10:56:30.784430,retail,Merchant_8,New York,legitimate
txn_809,user_9,157.06,2025-08-31T19:56:30.784430,grocery,Merchant_9,New York,legitimate
txn_810,user_10,474.33,2025-09-13T17:56:30.784430,restaurant,Merchant_10,New York,legitimate
txn_811,user_11,464.83,2025-08-26T11:56:30.784430,restaurant,Merchant_11,Los Angeles,legitimate
txn_812,user_12,4145.46,2025-09-04T23:56:30.784430,atm,Merchant_12,Los Angeles,fraud
txn_813,user_13,1041.75,2025-08-22T19:56:30.784430,online,Merchant_13,,fraud
txn_814,user_14,404.93,2025-08-31T19:56:30.784430,restaurant,Merchant_14,Chicago,legitimate
txn_815,user_15,361.68,2025-09-02T06:56:30.784430,restaurant,Merchant_15,,legitimate
txn_816,user_16,178.43,2025-09-16T21:56:30.784430,retail,Merchant_16,,legitimate
txn_817,user_17,461.87,2025-09-04T07:56:30.784430,retail,Merchant_17,New York,legitimate
txn_818,user_18,1346.83,2025-09-17T12:56:30.784430,gas_station,Merchant_18,,fraud
txn_819,user_19,42.04,2025-09-07T11:56:30.784430,grocery,Merchant_19,,legitimate
txn_820,user_20,212.52,2025-08-22T07:56:30.784430,grocery,Merchant_20,,legitimate
txn_821,user_21,315.32,2025-09-09T12:56:30.784430,restaurant,Merchant_21,Los Angeles,legitimate
txn_822,user_22,3084.5,2025-08-25T04:56:30.784430,atm,Merchant_22,New York,fraud
txn_823,user_23,232.77,2025-08-27T19:56:30.784430,retail,Merchant_23,New York,legitimate
txn_824,user_24,379.31,2025-08-25T14:56:30.784430,restaurant,Merchant_24,,legitimate
txn_825,user_25,85.8,2025-09-04T21:56:30.784430,grocery,Merchant_25,New York,legitimate
txn_826,user_26,480.39,2025-09-16T21:56:30.784430,restaurant,Merchant_26,Los Angeles,legitimate
txn_827,user_27,239.41,2025-08-25T06:56:30.784430,retail,Merchant_27,Chicago,legitimate
txn_828,user_28,400.07,2025-08-29T23:56:30.784430,grocery,Merchant_28,Los Angeles,legitimate
txn_829,user_29,425.96,2025-09-16T16:56:30.784430,retail,Merchant_29,New York,legitimate
txn_830,user_30,275.23,2025-09-09T07:56:30.784430,retail,Merchant_30,Los Angeles,legitimate
txn_831,user_31,288.31,2025-09-11T13:56:30.784430,grocery,Merchant_31,Chicago,legitimate
txn_832,user_32,373.17,2025-09-18T15:56:30.784430,grocery,Merchant_32,,legitimate
txn_833,user_33,144.04,2025-09-17T11:56:30.784430,restaurant,Merchant_33,Chicago,legitimate
txn_834,user_34,300.0,2025-09-17T06:56:30.784430,grocery,Merchant_34,,legitimate
txn_835,user_35,380.52,2025-08-26T15:56:30.784430,retail,Merchant_35,Chicago,legitimate
txn_836,user_36,232.91,2025-09-13T15:56:30.784430,retail,Merchant_36,,legitimate
txn_837,user_37,225.23,2025-09-14T23:56:30.784430,retail,Merchant_37,New York,legitimate
txn_838,user_38,159.18,2025-09-09T12:56:30.784430,grocery,Merchant_38,Los Angeles,legitimate
txn_839,user_39,426.47,2025-09-04T20:56:30.784430,restaurant,Merchant_39,Los Angeles,legitimate
txn_840,user_40,390.33,2025-09-18T13:56:30.784430,restaurant,Merchant_40,New York,legitimate
txn_841,user_41,151.69,2025-09-09T05:56:30.784430,grocery,Merchant_41,,legitimate
txn_842,user_42,364.64,2025-09-13T14:56:30.784430,retail,Merchant_42,New York,legitimate
txn_843,user_43,2355.87,2025-08-29T21:56:30.784430,gas_station,Merchant_43,,fraud
txn_844,user_44,306.11,2025-08-23T05:56:30.784430,grocery,Merchant_44,New York,legitimate
txn_845,user_45,204.54,2025-09-11T05:56:30.784430,grocery,Merchant_45,,legitimate
txn_846,user_46,327.07,2025-08-23T20:56:30.784430,retail,Merchant_46,Los Angeles,legitimate
txn_847,user_47,380.06,2025-08-28T17:56:30.784430,retail,Merchant_47,Los Angeles,legitimate
txn_848,user_48,440.54,2025-09-11T21:56:30.784430,grocery,Merchant_48,,legitimate
txn_849,user_49,351.82,2025-09-21T20:56:30.784430,grocery,Merchant_49,New York,legitimate
txn_850,user_50,3779.24,2025-08-26T01:56:30.784430,gas_station,Merchant_0,Los Angeles,fraud
txn_851,user_51,1164.21,2025-09-01T14:56:30.784430,atm,Merchant_1,Chicago,fraud
txn_852,user_52,367.48,2025-09-01T06:56:30.784430,retail,Merchant_2,New York,legitimate
txn_853,user_53,438.26,2025-08-25T13:56:30.784430,restaurant,Merchant_3,,legitimate
txn_854,user_54,444.68,2025-09-14T16:56:30.784430,restaurant,Merchant_4,Los Angeles,legitimate
txn_855,user_55,373.63,2025-08-31T09:56:30.784430,grocery,Merchant_5,,legitimate
txn_856,user_56,165.74,2025-09-03T12:56:30.784430,restaurant,Merchant_6,Los Angeles,legitimate
txn_857,user_57,297.71,2025-08-24T05:56:30.784430,retail,Merchant_7,Los Angeles,legitimate
txn_858,user_58,452.87,2025-08-25T20:56:30.784430,grocery,Merchant_8,Los Angeles,legitimate
txn_859,user_59,143.26,2025-09-18T11:56:30.784430,grocery,Merchant_9,Los Angeles,legitimate
txn_860,user_60,266.75,2025-09-08T06:56:30.784430,restaurant,Merchant_10,,legitimate
txn_861,user_61,4041.92,2025-08-29T06:56:30.784430,gas_station,Merchant_11,,fraud
txn_862,user_62,348.82,2025-08-30T11:56:30.784430,restaurant,Merchant_12,Chicago,legitimate
txn_863,user_63,1488.25,2025-09-19T03:56:30.784430,gas_station,Merchant_13,,fraud
txn_864,user_64,328.26,2025-08-30T09:56:30.784430,restaurant,Merchant_14,Los Angeles,legitimate
txn_865,user_65,87.33,2025-08-30T19:56:30.784430,retail,Merchant_15,Los Angeles,legitimate
txn_866,user_66,2575.32,2025-08-22T21:56:30.784430,gas_station,Merchant_16,Chicago,fraud
txn_867,user_67,35.26,2025-09-14T15:56:30.784430,retail,Merchant_17,,legitimate
txn_868,user_68,88.0,2025-09-06T11:56:30.784430,restaurant,Merchant_18,Chicago,legitimate
txn_869,user_69,153.99,2025-09-13T22:56:30.784430,retail,Merchant_19,New York,legitimate
txn_870,user_70,86.21,2025-09-20T13:56:30.784430,grocery,Merchant_20,New York,legitimate
txn_871,user_71,176.54,2025-08-26T19:56:30.784430,retail,Merchant_21,Chicago,legitimate
txn_872,user_72,60.12,2025-08-26T14:56:30.784430,restaurant,Merchant_22,,legitimate
txn_873,user_73,183.61,2025-09-19T06:56:30.784430,grocery,Merchant_23,Chicago,legitimate
txn_874,user_74,275.7,2025-09-07T01:56:30.784430,retail,Merchant_24,Chicago,legitimate
txn_875,user_75,431.94,2025-09-18T02:56:30.784430,grocery,Merchant_25,,legitimate
txn_876,user_76,443.37,2025-09-12T13:56:30.784430,restaurant,Merchant_26,Chicago,legitimate
txn_877,user_77,367.05,2025-08-24T08:56:30.784430,retail,Merchant_27,,legitimate
txn_878,user_78,3193.82,2025-09-01T16:56:30.784430,atm,Merchant_28,,fraud
txn_879,user_79,28.74,2025-09-05T09:56:30.784430,retail,Merchant_29,,legitimate
txn_880,user_80,204.76,2025-09-13T22:56:30.784430,restaurant,Merchant_30,New York,legitimate
txn_881,user_81,198.57,2025-09-14T17:56:30.784430,restaurant,Merchant_31,Chicago,legitimate
txn_882,user_82,145.08,2025-09-05T21:56:30.784430,retail,Merchant_32,New York,legitimate
txn_883,user_83,140.09,2025-08-22T12:56:30.784430,restaurant,Merchant_33,New York,legitimate
txn_884,user_84,400.19,2025-09-21T13:56:30.784430,retail,Merchant_34,New York,legitimate
txn_885,user_85,145.25,2025-09-15T13:56:30.784430,restaurant,Merchant_35,Los Angeles,legitimate
txn_886,user_86,51.83,2025-09-20T06:56:30.784430,grocery,Merchant_36,New York,legitimate
txn_887,user_87,2334.38,2025-08-25T17:56:30.784430,atm,Merchant_37,Chicago,fraud
txn_888,user_88,274.32,2025-09-16T06:56:30.784430,restaurant,Merchant_38,Chicago,legitimate
txn_889,user_89,456.7,2025-08-26T11:56:30.784430,restaurant,Merchant_39,New York,legitimate
txn_890,user_90,126.91,2025-08-28T08:56:30.784430,retail,Merchant_40,Chicago,legitimate
txn_891,user_91,99.4,2025-08-30T16:56:30.784430,retail,Merchant_41,New York,legitimate
txn_892,user_92,284.59,2025-08-22T16:56:30.784430,grocery,Merchant_42,New York,legitimate
txn_893,user_93,351.5,2025-08-29T09:56:30.784430,retail,Merchant_43,Los Angeles,legitimate
txn_894,user_94,78.82,2025-09-20T16:56:30.784430,retail,Merchant_44,Los Angeles,legitimate
txn_895,user_95,226.15,2025-09-01T15:56:30.784430,restaurant,Merchant_45,Los Angeles,legitimate
txn_896,user_96,152.9,2025-09-03T18:56:30.784430,restaurant,Merchant_46,New York,legitimate
txn_897,user_97,3266.73,2025-09-08T16:56:30.784430,atm,Merchant_47,New York,fraud
txn_898,user_98,286.94,2025-08-30T13:56:30.784430,grocery,Merchant_48,,legitimate
txn_899,user_99,293.29,2025-09-11T05:56:30.784430,retail,Merchant_49,New York,legitimate
txn_900,user_0,344.18,2025-09-11T20:56:30.784430,restaurant,Merchant_0,Los Angeles,legitimate
txn_901,user_1,279.14,2025-09-18T11:56:30.784430,restaurant,Merchant_1,New York,legitimate
txn_902,user_2,495.41,2025-09-02T22:56:30.784430,restaurant,Merchant_2,Los Angeles,legitimate
txn_903,user_3,26.46,2025-09-06T12:56:30.784430,grocery,Merchant_3,New York,legitimate
txn_904,user_4,445.35,2025-09-04T10:56:30.784430,retail,Merchant_4,Chicago,legitimate
txn_905,user_5,24.25,2025-08-23T14:56:30.784430,grocery,Merchant_5,Los Angeles,legitimate
txn_906,user_6,287.43,2025-09-17T08:56:30.784430,grocery,Merchant_6,,legitimate
txn_907,user_7,120.7,2025-09-21T19:56:30.784430,grocery,Merchant_7,Chicago,legitimate
txn_908,user_8,41.25,2025-09-01T08:56:30.784430,grocery,Merchant_8,Los Angeles,legitimate
txn_909,user_9,197.3,2025-09-02T05:56:30.784430,grocery,Merchant_9,Chicago,legitimate
txn_910,user_10,195.76,2025-09-01T12:56:30.784430,grocery,Merchant_10,Chicago,legitimate
txn_911,user_11,270.45,2025-09-17T16:56:30.784430,retail,Merchant_11,New York,legitimate
txn_912,user_12,259.36,2025-09-11T13:56:30.784430,retail,Merchant_12,,legitimate
txn_913,user_13,254.57,2025-09-05T14:56:30.785431,restaurant,Merchant_13,New York,legitimate
txn_914,user_14,453.45,2025-09-08T14:56:30.785431,restaurant,Merchant_14,Los Angeles,legitimate
txn_915,user_15,26.43,2025-09-12T05:56:30.785431,grocery,Merchant_15,Chicago,legitimate
txn_916,user_16,313.53,2025-09-07T04:56:30.785431,retail,Merchant_16,Los Angeles,legitimate
txn_917,user_17,190.62,2025-09-16T23:56:30.785431,retail,Merchant_17,Los Angeles,legitimate
txn_918,user_18,422.56,2025-09-20T22:56:30.785431,grocery,Merchant_18,New York,legitimate
txn_919,user_19,66.01,2025-09-14T06:56:30.785431,grocery,Merchant_19,Los Angeles,legitimate
txn_920,user_20,418.98,2025-09-04T16:56:30.785431,grocery,Merchant_20,,legitimate
txn_921,user_21,469.17,2025-09-18T05:56:30.785431,retail,Merchant_21,Chicago,legitimate
txn_922,user_22,148.13,2025-09-19T10:56:30.785431,grocery,Merchant_22,,legitimate
txn_923,user_23,492.39,2025-09-19T12:56:30.785431,grocery,Merchant_23,New York,legitimate
txn_924,user_24,405.55,2025-08-24T13:56:30.785431,restaurant,Merchant_24,Los Angeles,legitimate
txn_925,user_25,101.14,2025-09-07T13:56:30.785431,retail,Merchant_25,Los Angeles,legitimate
txn_926,user_26,247.23,2025-09-05T17:56:30.785431,retail,Merchant_26,Chicago,legitimate
txn_927,user_27,287.16,2025-08-27T06:56:30.785431,grocery,Merchant_27,,legitimate
txn_928,user_28,2550.59,2025-09-01T18:56:30.785431,gas_station,Merchant_28,,fraud
txn_929,user_29,150.43,2025-09-10T06:56:30.785431,grocery,Merchant_29,Chicago,legitimate
txn_930,user_30,4361.8,2025-09-14T13:56:30.785431,gas_station,Merchant_30,,fraud
txn_931,user_31,363.28,2025-09-12T15:56:30.785431,retail,Merchant_31,,legitimate
txn_932,user_32,3151.05,2025-09-16T04:56:30.785431,gas_station,Merchant_32,Chicago,fraud
txn_933,user_33,474.21,2025-09-20T23:56:30.785431,retail,Merchant_33,Los Angeles,legitimate
txn_934,user_34,326.2,2025-09-13T13:56:30.785431,retail,Merchant_34,Los Angeles,legitimate
txn_935,user_35,380.46,2025-09-20T11:56:30.785431,grocery,Merchant_35,New York,legitimate
txn_936,user_36,4981.29,2025-08-22T18:56:30.785431,online,Merchant_36,Los Angeles,fraud
txn_937,user_37,374.08,2025-09-05T16:56:30.785431,grocery,Merchant_37,Chicago,legitimate
txn_938,user_38,446.65,2025-09-17T06:56:30.785431,grocery,Merchant_38,Chicago,legitimate
txn_939,user_39,86.95,2025-09-08T21:56:30.785431,restaurant,Merchant_39,New York,legitimate
txn_940,user_40,51.88,2025-09-12T19:56:30.785431,grocery,Merchant_40,New York,legitimate
txn_941,user_41,200.72,2025-09-19T06:56:30.785431,restaurant,Merchant_41,Chicago,legitimate
txn_942,user_42,481.29,2025-08-30T12:56:30.785431,grocery,Merchant_42,Los Angeles,legitimate
txn_943,user_43,191.63,2025-09-17T06:56:30.785431,restaurant,Merchant_43,,legitimate
txn_944,user_44,98.46,2025-09-04T13:56:30.785431,retail,Merchant_44,,legitimate
txn_945,user_45,357.06,2025-09-17T08:56:30.785431,restaurant,Merchant_45,New York,legitimate
txn_946,user_46,96.09,2025-09-13T14:56:30.785431,restaurant,Merchant_46,Chicago,legitimate
txn_947,user_47,247.11,2025-09-20T15:56:30.785431,grocery,Merchant_47,Los Angeles,legitimate
txn_948,user_48,341.22,2025-09-13T07:56:30.785431,grocery,Merchant_48,,legitimate
txn_949,user_49,108.69,2025-09-16T17:56:30.785431,restaurant,Merchant_49,,legitimate
txn_950,user_50,223.78,2025-09-12T10:56:30.785431,retail,Merchant_0,,legitimate
txn_951,user_51,297.63,2025-09-13T22:56:30.785431,restaurant,Merchant_1,,legitimate
txn_952,user_52,218.3,2025-08-23T04:56:30.785431,retail,Merchant_2,Chicago,legitimate
txn_953,user_53,335.84,2025-08-27T11:56:30.785431,retail,Merchant_3,Los Angeles,legitimate
txn_954,user_54,326.59,2025-09-08T06:56:30.785431,retail,Merchant_4,New York,legitimate
txn_955,user_55,221.96,2025-08-24T19:56:30.785431,grocery,Merchant_5,Los Angeles,legitimate
txn_956,user_56,183.14,2025-09-01T23:56:30.785431,retail,Merchant_6,New York,legitimate
txn_957,user_57,483.05,2025-08-31T17:56:30.785431,restaurant,Merchant_7,Chicago,legitimate
txn_958,user_58,244.93,2025-09-10T06:56:30.785431,retail,Merchant_8,New York,legitimate
txn_959,user_59,238.39,2025-09-19T15:56:30.785431,retail,Merchant_9,Chicago,legitimate
txn_960,user_60,173.92,2025-08-29T16:56:30.785431,grocery,Merchant_10,New York,legitimate
txn_961,user_61,72.5,2025-08-29T23:56:30.785431,retail,Merchant_11,Los Angeles,legitimate
txn_962,user_62,450.26,2025-08-22T11:56:30.785431,grocery,Merchant_12,Chicago,legitimate
txn_963,user_63,89.45,2025-09-07T16:56:30.785431,grocery,Merchant_13,,legitimate
txn_964,user_64,4917.24,2025-09-21T15:56:30.785431,online,Merchant_14,Los Angeles,fraud
txn_965,user_65,443.29,2025-09-08T19:56:30.785431,grocery,Merchant_15,,legitimate
txn_966,user_66,450.3,2025-09-04T15:56:30.785431,restaurant,Merchant_16,Chicago,legitimate
txn_967,user_67,179.18,2025-09-01T06:56:30.785431,restaurant,Merchant_17,Chicago,legitimate
txn_968,user_68,127.43,2025-09-09T16:56:30.785431,grocery,Merchant_18,,legitimate
txn_969,user_69,467.67,2025-09-03T08:56:30.785431,grocery,Merchant_19,Chicago,legitimate
txn_970,user_70,338.51,2025-09-14T11:56:30.785431,grocery,Merchant_20,Chicago,legitimate
txn_971,user_71,210.19,2025-08-23T20:56:30.785431,restaurant,Merchant_21,New York,legitimate
txn_972,user_72,205.51,2025-08-26T11:56:30.785431,retail,Merchant_22,Los Angeles,legitimate
txn_973,user_73,470.22,2025-08-24T08:56:30.785431,restaurant,Merchant_23,New York,legitimate
txn_974,user_74,381.6,2025-09-16T03:56:30.785431,retail,Merchant_24,,legitimate
txn_975,user_75,317.62,2025-09-12T23:56:30.785431,restaurant,Merchant_25,Los Angeles,legitimate
txn_976,user_76,275.66,2025-09-19T16:56:30.785431,restaurant,Merchant_26,Chicago,legitimate
txn_977,user_77,483.16,2025-08-23T18:56:30.785431,restaurant,Merchant_27,Chicago,legitimate
txn_978,user_78,3282.31,2025-09-13T07:56:30.785431,online,Merchant_28,Chicago,fraud
txn_979,user_79,346.78,2025-08-25T04:56:30.785431,retail,Merchant_29,Chicago,legitimate
txn_980,user_80,143.17,2025-08-23T11:56:30.785431,grocery,Merchant_30,New York,legitimate
txn_981,user_81,477.4,2025-09-05T21:56:30.785431,restaurant,Merchant_31,New York,legitimate
txn_982,user_82,109.08,2025-09-03T06:56:30.785431,grocery,Merchant_32,Los Angeles,legitimate
txn_983,user_83,129.41,2025-08-30T12:56:30.785431,grocery,Merchant_33,Chicago,legitimate
txn_984,user_84,13.0,2025-09-16T22:56:30.785431,retail,Merchant_34,,legitimate
txn_985,user_85,65.67,2025-09-08T20:56:30.785431,grocery,Merchant_35,Los Angeles,legitimate
txn_986,user_86,176.83,2025-08-30T21:56:30.785431,retail,Merchant_36,Los Angeles,legitimate
txn_987,user_87,334.29,2025-09-01T22:56:30.785431,grocery,Merchant_37,Chicago,legitimate
txn_988,user_88,3435.98,2025-09-03T05:56:30.785431,atm,Merchant_38,Chicago,fraud
txn_989,user_89,172.4,2025-08-25T08:56:30.785431,grocery,Merchant_39,,legitimate
txn_990,user_90,162.45,2025-08-30T11:56:30.785431,retail,Merchant_40,New York,legitimate
txn_991,user_91,438.63,2025-09-14T19:56:30.785431,retail,Merchant_41,Los Angeles,legitimate
txn_992,user_92,12.46,2025-09-12T07:56:30.785431,retail,Merchant_42,Los Angeles,legitimate
txn_993,user_93,40.12,2025-09-01T23:56:30.785431,restaurant,Merchant_43,Los Angeles,legitimate
txn_994,user_94,3155.66,2025-09-17T12:56:30.785431,atm,Merchant_44,,fraud
txn_995,user_95,189.85,2025-08-24T01:56:30.785431,restaurant,Merchant_45,Chicago,legitimate
txn_996,user_96,200.17,2025-09-13T17:56:30.785431,restaurant,Merchant_46,Los Angeles,legitimate
txn_997,user_97,220.87,2025-09-13T01:56:30.785431,restaurant,Merchant_47,New York,legitimate
txn_998,user_98,119.76,2025-09-07T11:56:30.785431,restaurant,Merchant_48,,legitimate
txn_999,user_99,4516.62,2025-09-18T04:56:30.785431,gas_station,Merchant_49,Chicago,fraud
